id,order_id,product_id,quantity,sale_price
1,1,56,1,31499
2,2,46,3,4499
3,2,36,1,5499
4,3,61,3,16999
5,3,99,1,21499
6,4,73,1,170154
7,4,41,2,15999
8,4,78,3,19999
9,5,40,3,6176
10,6,60,3,26510
11,6,70,1,2999
12,7,23,2,34990
13,8,56,2,31440
14,9,31,2,7999
15,9,49,1,7299
16,9,51,3,89999
17,9,42,3,12499
18,10,61,1,16999
19,10,73,3,189990
20,10,78,1,19999
21,11,81,1,7499
22,11,94,2,6614
23,11,60,3,27499
24,11,19,1,22687
25,12,75,3,24990
26,13,52,1,59565
27,13,55,1,21999
28,14,92,1,8799
29,15,69,3,3690
30,15,31,1,7999
31,15,9,3,43999
32,15,62,3,15499
33,16,37,3,2412
34,16,60,2,27499
35,17,48,1,16499
36,17,31,2,6835
37,17,100,2,5799
38,17,20,2,119999
39,18,70,1,2692
40,18,22,2,35536
41,18,55,3,21495
42,18,36,1,5499
43,19,58,3,44999
44,19,29,3,19890
45,19,79,1,44999
46,19,27,1,14990
47,20,14,2,52000
48,20,10,1,21999
49,21,3,1,42999
50,22,35,3,3299
51,22,48,3,16499
52,22,76,1,54990
53,23,57,1,8999
54,24,2,3,54999
55,25,59,1,14601
56,26,29,2,18655
57,26,5,1,32999
58,27,36,2,5417
59,27,70,3,2698
60,27,76,1,54714
61,28,69,3,3999
62,28,9,3,41362
63,28,59,1,15999
64,29,34,2,7607
65,29,89,3,3499
66,30,13,3,79500
67,30,2,1,54999
68,30,75,2,24990
69,30,9,1,43999
70,31,100,1,5799
71,31,54,2,12499
72,31,19,2,26500
73,32,14,3,52000
74,32,81,2,7499
75,32,96,3,5499
76,32,53,2,124999
77,33,26,3,11490
78,34,85,2,11161
79,34,58,3,44999
80,34,65,2,8999
81,35,22,1,38490
82,35,5,2,32999
83,36,57,1,8999
84,36,83,2,12752
85,36,9,3,42767
86,37,18,2,42999
87,37,8,2,23246
88,38,47,2,6799
89,38,12,2,54999
90,38,43,3,18564
91,39,3,3,42999
92,39,43,2,18624
93,39,38,2,12999
94,39,5,1,32999
95,40,11,1,89999
96,40,36,2,5499
97,41,13,3,79500
98,42,22,2,38490
99,43,21,3,47701
100,43,41,2,14183
101,43,27,1,13865
102,43,61,3,15147
103,44,44,3,8999
104,44,65,2,8291
105,44,43,3,18999
106,45,48,3,15942
107,45,11,1,81590
108,45,18,1,42999
109,45,80,2,99990
110,46,49,2,6487
111,46,38,2,12940
112,47,90,3,5999
113,48,27,1,14990
114,48,87,3,326
115,48,62,1,15499
116,48,79,3,41166
117,49,4,1,38999
118,49,12,3,50832
119,49,61,2,15978
120,50,26,2,11490
121,50,6,2,18645
122,50,12,2,54999
123,50,32,1,2346
124,51,97,3,4203
125,51,88,2,9899
126,52,7,1,28999
127,52,57,2,8999
128,52,66,3,6499
129,53,81,2,7499
130,54,71,1,149990
131,54,99,2,21499
132,54,20,3,119999
133,54,87,3,349
134,55,38,3,12999
135,55,92,1,7690
136,55,60,3,25058
137,56,78,3,18561
138,57,94,3,6753
139,57,76,1,54990
140,57,23,1,33593
141,57,30,2,9990
142,58,77,3,89990
143,58,85,3,12499
144,59,69,2,3581
145,59,56,2,31152
146,59,35,1,3299
147,59,11,2,89999
148,60,33,1,4999
149,60,6,2,17276
150,60,17,3,62289
151,61,70,1,2999
152,62,17,3,64031
153,62,26,2,9913
154,62,23,2,34990
155,62,82,1,8099
156,63,88,2,9899
157,63,48,2,16499
158,63,29,1,19890
159,63,32,2,2179
160,64,47,3,5986
161,64,3,3,42999
162,64,87,3,322
163,64,17,3,64772
164,65,93,2,9999
165,65,11,1,89999
166,65,16,2,31999
167,65,19,3,26345
168,66,50,2,11799
169,66,92,3,8799
170,67,78,1,19999
171,67,36,2,5499
172,68,9,3,43999
173,69,6,2,17223
174,70,6,2,16815
175,70,42,1,12499
176,70,70,1,2999
177,71,10,2,20864
178,72,1,2,49999
179,72,96,2,4817
180,73,13,3,68070
181,73,89,2,3499
182,73,33,2,4999
183,74,24,2,18990
184,74,2,2,54999
185,75,59,2,15999
186,75,4,1,38999
187,76,39,3,3899
188,76,96,2,5499
189,76,80,3,99990
190,77,51,1,89999
191,77,28,1,21890
192,77,98,3,16599
193,77,16,3,30068
194,78,24,2,18990
195,79,53,2,124999
196,79,83,3,14047
197,79,57,2,7872
198,79,28,2,21890
199,80,40,2,6499
200,80,66,3,6499
201,81,16,1,31999
202,82,81,2,7499
203,83,27,3,14990
204,84,59,3,15999
205,84,20,1,119999
206,84,8,2,24855
207,84,26,3,11490
208,85,17,1,68500
209,85,29,1,19890
210,86,88,2,9899
211,86,24,3,18990
212,86,37,2,2799
213,86,11,3,82523
214,87,68,2,3877
215,87,46,1,4475
216,88,32,1,2499
217,88,8,2,24999
218,88,40,1,6318
219,89,19,2,26500
220,90,61,3,16999
221,90,36,3,5235
222,91,22,2,38490
223,91,89,3,3499
224,91,79,1,44999
225,92,40,1,6499
226,93,66,2,6499
227,94,75,2,24990
228,94,59,2,15999
229,94,38,2,12999
230,94,93,1,9999
231,95,76,3,50887
232,96,58,3,44999
233,96,57,1,8999
234,96,8,2,24999
235,97,72,2,126043
236,97,92,3,8799
237,98,50,1,11799
238,98,39,1,3887
239,99,56,1,31499
240,99,85,3,12499
241,100,78,1,19999
242,100,36,3,5499
243,100,43,3,18999
244,101,100,1,5687
245,101,47,1,6799
246,101,22,2,35354
247,102,22,1,38490
248,102,67,1,11999
249,102,44,2,8999
250,102,25,1,16490
251,103,13,3,79500
252,103,14,1,52000
253,103,24,3,18990
254,103,93,1,9111
255,104,21,3,52990
256,104,35,2,3299
257,104,77,1,89990
258,104,58,1,44999
259,105,22,1,36704
260,105,61,1,16999
261,105,86,3,2299
262,105,65,3,8999
263,106,33,2,4999
264,106,87,3,298
265,106,50,3,11799
266,106,99,1,21499
267,107,86,2,1988
268,107,88,2,8556
269,107,94,1,7499
270,107,40,2,6112
271,108,10,1,19356
272,109,62,1,13843
273,110,87,3,346
274,110,44,2,8705
275,110,26,1,9889
276,111,75,3,24990
277,111,73,1,189990
278,112,34,1,8499
279,112,15,2,18491
280,112,65,1,8646
281,112,91,1,12480
282,113,76,3,50483
283,114,62,1,15499
284,114,23,2,34100
285,115,44,3,8999
286,115,19,1,26500
287,115,41,2,15836
288,116,11,2,89999
289,116,14,1,52000
290,116,61,1,16999
291,117,2,2,49914
292,117,100,1,4971
293,117,13,1,79500
294,117,91,2,12999
295,118,96,3,5499
296,118,35,2,3299
297,119,70,2,2935
298,120,7,3,27430
299,121,41,3,15775
300,121,95,1,18999
301,121,50,3,11799
302,122,88,2,9899
303,122,45,3,5999
304,122,93,3,9296
305,122,60,3,23869
306,123,48,3,16499
307,123,91,2,12999
308,124,80,3,98651
309,125,11,1,82859
310,125,53,1,123832
311,125,33,2,4325
312,125,49,2,7299
313,126,44,1,8661
314,126,12,3,51424
315,126,31,2,7999
316,127,85,3,12499
317,128,34,2,8499
318,129,14,1,50553
319,130,9,2,43999
320,130,27,3,14902
321,131,49,3,7299
322,131,18,2,41784
323,132,19,3,23642
324,133,33,1,4999
325,133,7,3,28999
326,134,42,2,12499
327,135,83,3,14999
328,135,6,1,18999
329,135,14,1,52000
330,135,63,3,12005
331,136,31,3,7999
332,137,15,3,18500
333,138,100,1,5799
334,138,19,3,26500
335,138,39,3,3899
336,138,25,3,16490
337,139,60,1,27499
338,139,99,2,21499
339,139,40,3,6499
340,140,87,3,328
341,141,42,1,11454
342,141,54,1,12499
343,141,71,1,149990
344,142,7,3,28999
345,142,39,1,3899
346,143,63,2,12999
347,143,15,2,18500
348,144,71,2,149990
349,144,4,2,38999
350,144,45,3,5999
351,145,26,2,10826
352,145,87,3,349
353,145,55,2,21999
354,145,18,3,42999
355,146,80,1,99990
356,147,29,1,17527
357,147,55,2,20365
358,147,26,2,11490
359,148,36,2,5311
360,148,33,3,4999
361,148,54,2,12499
362,149,32,2,2499
363,149,35,2,3299
364,149,55,3,21999
365,149,38,2,12999
366,150,17,1,68500
367,151,32,1,2321
368,151,22,2,38490
369,152,6,1,18999
370,152,55,2,21999
371,152,68,3,4499
372,153,92,1,8799
373,153,82,3,8814
374,153,32,2,2493
375,153,8,3,24999
376,154,5,1,29858
377,154,74,3,34999
378,154,79,2,44999
379,155,83,3,14936
380,155,41,2,14264
381,155,28,3,19762
382,155,95,3,17181
383,156,8,2,24999
384,156,100,1,5799
385,157,26,2,10311
386,157,49,3,6330
387,157,59,3,15946
388,157,30,2,9990
389,158,93,3,9999
390,158,55,1,21999
391,159,32,2,2499
392,159,1,2,49999
393,160,59,2,15999
394,160,47,2,6799
395,160,53,1,124999
396,161,93,3,9999
397,161,34,3,8499
398,162,52,1,67999
399,162,44,1,8999
400,163,55,1,21756
401,163,42,2,12499
402,163,80,1,93456
403,163,76,1,54990
404,164,75,2,24990
405,165,51,2,89999
406,165,69,2,3999
407,165,39,1,3899
408,165,50,1,11799
409,166,66,1,6499
410,166,67,2,11999
411,166,11,3,89999
412,167,71,3,133975
413,167,48,1,16499
414,168,43,2,18750
415,169,100,1,5799
416,169,52,2,67999
417,170,50,3,10795
418,170,31,3,7999
419,171,6,3,18999
420,171,44,3,8999
421,172,32,2,2412
422,173,18,1,42999
423,173,51,1,88940
424,173,44,2,8133
425,173,98,3,16599
426,174,84,1,1899
427,175,30,1,9354
428,175,47,1,6799
429,175,27,2,14990
430,175,55,3,19152
431,176,4,1,38999
432,176,35,1,3299
433,177,79,2,42648
434,177,74,3,34999
435,177,76,1,54990
436,177,50,3,11799
437,178,29,3,19890
438,178,88,2,9648
439,178,34,2,8277
440,178,40,3,5943
441,179,73,3,189990
442,179,72,2,129999
443,179,94,2,7499
444,179,82,2,8999
445,180,98,1,16599
446,180,6,3,18999
447,181,5,2,32999
448,181,49,2,6582
449,181,40,2,5625
450,181,48,1,16499
451,182,43,1,18999
452,183,60,2,27499
453,183,52,2,63865
454,183,88,2,8932
455,183,99,2,20464
456,184,53,3,124999
457,184,77,2,89990
458,185,1,2,47089
459,185,86,1,2299
460,185,13,1,79500
461,186,70,1,2999
462,186,45,1,5512
463,186,87,2,349
464,186,51,2,87959
465,187,87,3,331
466,187,79,2,44999
467,188,55,1,21999
468,188,97,3,4299
469,188,72,1,129999
470,189,44,1,7784
471,189,55,2,21999
472,189,60,3,27499
473,189,12,2,54999
474,190,70,1,2999
475,190,87,3,303
476,190,46,3,4499
477,191,93,1,9950
478,191,70,1,2999
479,192,53,3,124999
480,193,20,3,119999
481,193,84,3,1899
482,193,17,1,68500
483,193,11,2,89999
484,194,41,2,13881
485,194,20,3,119999
486,194,56,3,31499
487,195,89,2,3499
488,195,83,1,13034
489,195,47,3,6799
490,196,53,2,124999
491,196,70,1,2999
492,196,10,1,20224
493,196,83,2,14999
494,197,37,3,2702
495,198,94,2,7499
496,198,77,1,89990
497,198,23,2,34990
498,199,21,1,52990
499,199,24,2,18990
500,199,77,2,89990
501,199,56,2,31499
502,200,51,1,89999
503,200,81,1,7499
504,200,64,2,24999
505,201,92,2,7642
506,201,91,3,12553
507,201,34,2,8499
508,202,8,2,24999
509,202,82,1,8999
510,203,80,1,99990
511,203,87,3,349
512,203,8,3,24999
513,204,3,2,42999
514,204,28,3,21890
515,204,15,3,18500
516,205,44,3,8999
517,206,75,3,24990
518,206,70,3,2999
519,207,65,2,8270
520,208,77,2,89990
521,208,98,3,15286
522,208,71,3,149990
523,209,81,3,7499
524,209,94,1,6491
525,209,62,1,15499
526,209,76,1,51470
527,210,63,2,12999
528,210,31,2,7999
529,210,28,1,19578
530,210,88,3,8865
531,211,85,2,12499
532,211,38,1,12999
533,212,33,1,4999
534,212,87,2,321
535,213,72,3,113668
536,213,7,2,28999
537,213,16,1,31999
538,213,64,2,24999
539,214,72,2,115907
540,214,77,2,89990
541,214,82,3,8453
542,215,21,2,51813
543,215,64,3,24999
544,216,45,3,5310
545,217,33,2,4682
546,217,11,2,89999
547,218,74,2,34999
548,218,28,1,21890
549,219,69,2,3999
550,220,34,1,8499
551,220,80,1,99990
552,220,49,2,7299
553,220,20,2,119999
554,221,99,2,21499
555,221,13,3,79500
556,222,8,1,24999
557,223,36,2,5499
558,223,10,2,21844
559,224,38,1,12999
560,225,53,3,121523
561,226,29,3,19890
562,226,14,2,52000
563,226,99,2,21022
564,226,90,1,5999
565,227,23,3,34990
566,227,54,3,11638
567,227,68,1,4499
568,227,17,3,68500
569,228,22,1,38490
570,228,11,1,89999
571,229,46,1,4499
572,229,10,3,20037
573,229,3,2,42999
574,230,87,1,349
575,230,3,3,37848
576,231,98,1,16599
577,232,64,2,24999
578,232,76,3,54990
579,232,86,1,2299
580,232,28,2,21890
581,233,84,2,1899
582,233,45,2,5999
583,233,15,1,17232
584,233,94,1,7291
585,234,38,3,12999
586,234,54,1,12499
587,235,95,2,18999
588,235,71,3,149990
589,235,1,1,49999
590,236,97,1,4299
591,236,27,2,14990
592,236,81,2,6806
593,237,50,1,10895
594,237,96,2,5499
595,237,94,1,7499
596,238,30,1,9990
597,238,25,3,16490
598,238,28,3,21890
599,239,59,3,13686
600,240,31,3,7999
601,241,37,3,2799
602,241,63,2,12999
603,241,97,1,4272
604,242,51,1,89268
605,242,87,1,312
606,242,56,2,31499
607,242,22,2,38490
608,243,99,3,21499
609,243,73,1,187533
610,243,49,2,7299
611,243,100,3,5461
612,244,8,1,24149
613,244,54,3,10660
614,244,26,3,11490
615,245,29,1,17596
616,246,78,1,19999
617,246,79,2,44999
618,246,89,2,3499
619,246,56,3,27695
620,247,31,2,7213
621,247,35,2,3299
622,248,56,2,31499
623,248,96,2,5499
624,249,19,3,26500
625,250,34,3,8499
626,250,32,3,2499
627,250,50,2,11799
628,251,42,3,10935
629,251,28,1,21890
630,252,16,1,31999
631,252,80,1,99990
632,252,12,1,54999
633,253,24,1,18990
634,254,65,1,8999
635,254,27,1,12762
636,254,64,1,24999
637,255,75,1,24990
638,256,31,1,7678
639,257,98,1,16599
640,257,78,1,19999
641,257,52,1,67999
642,257,80,3,85979
643,258,60,1,27499
644,259,97,3,4112
645,259,53,2,124999
646,259,98,2,16599
647,260,88,3,9899
648,261,84,3,1899
649,261,42,3,12499
650,262,37,3,2799
651,262,41,3,15377
652,263,79,2,44999
653,263,58,2,44999
654,264,6,1,18999
655,264,39,2,3899
656,264,94,3,7499
657,265,68,3,4499
658,266,63,2,12999
659,266,2,3,54999
660,266,76,2,54990
661,267,9,3,43999
662,268,51,2,89999
663,268,17,3,68500
664,268,43,2,18999
665,269,71,2,149990
666,269,58,3,44999
667,270,97,2,3800
668,270,66,3,6499
669,270,41,1,15999
670,270,92,2,8238
671,271,4,3,38999
672,271,3,3,42999
673,271,2,2,54999
674,272,49,2,7299
675,272,22,3,36701
676,273,59,2,15999
677,273,68,3,4414
678,273,63,1,12999
679,274,71,2,145538
680,274,80,2,99990
681,275,83,2,14999
682,275,22,3,38186
683,275,26,1,11490
684,276,60,2,25294
685,277,57,2,8999
686,277,38,2,12999
687,277,83,2,14999
688,278,54,1,12499
689,278,4,1,38999
690,278,38,2,12999
691,278,53,1,124999
692,279,12,1,54999
693,279,3,3,42999
694,280,71,3,149990
695,280,52,3,62086
696,281,41,3,14021
697,281,90,1,5345
698,281,48,2,16499
699,282,50,1,11799
700,282,42,1,12499
701,282,74,1,34999
702,282,75,3,24552
703,283,63,2,12999
704,283,53,3,118940
705,283,11,1,76986
706,283,15,2,18500
707,284,83,1,14999
708,285,15,2,18500
709,285,9,1,43999
710,285,71,2,149990
711,285,86,2,2299
712,286,43,3,18999
713,286,11,1,82446
714,287,58,3,44999
715,288,88,1,9751
716,288,67,1,11999
717,289,66,1,6499
718,289,87,2,338
719,290,9,1,42621
720,291,38,2,12055
721,292,11,2,89999
722,292,98,2,14872
723,293,49,1,7299
724,293,18,1,42999
725,293,7,2,28999
726,294,92,2,8799
727,294,45,1,5999
728,294,35,2,3299
729,294,90,2,5999
730,295,21,2,52990
731,295,39,1,3899
732,296,65,3,8999
733,296,68,1,4499
734,296,40,1,6427
735,296,74,3,29892
736,297,68,1,4499
737,297,95,1,18999
738,297,53,1,107606
739,298,47,1,6799
740,298,46,3,4257
741,299,56,1,31499
742,299,24,3,18990
743,299,96,2,4739
744,300,24,1,18837
745,300,57,2,8728
746,300,35,3,3299
747,300,32,1,2499
748,301,79,1,44999
749,301,80,1,99990
750,301,48,1,16499
751,302,17,2,68500
752,302,20,2,119999
753,302,26,3,9824
754,303,31,3,7078
755,303,64,2,24999
756,304,87,2,349
757,304,32,1,2458
758,305,14,3,48641
759,305,25,3,16490
760,305,67,3,10669
761,306,28,1,21890
762,306,95,3,18999
763,307,95,3,18999
764,308,100,3,5799
765,308,72,2,129330
766,308,74,3,34999
767,309,97,3,4299
768,309,83,2,14999
769,309,42,3,10958
770,309,44,2,8882
771,310,31,1,7996
772,311,74,3,34999
773,311,71,1,127588
774,311,81,3,7499
775,312,98,3,16599
776,312,52,1,67999
777,313,94,2,6988
778,313,60,1,27499
779,314,22,2,38490
780,314,76,3,54990
781,314,46,3,4499
782,315,72,1,129999
783,315,50,2,11799
784,315,77,2,89990
785,315,18,1,42999
786,316,79,2,44999
787,316,39,3,3666
788,316,10,2,21999
789,317,24,3,18990
790,318,34,2,8499
791,319,13,1,79500
792,319,24,1,16703
793,320,25,1,16490
794,320,76,3,50547
795,320,27,1,14990
796,321,53,3,124999
797,321,44,2,8999
798,321,97,1,4299
799,322,68,1,4499
800,322,58,1,41564
801,322,86,2,2131
802,322,52,1,67999
803,323,7,3,28999
804,323,28,1,21890
805,323,18,1,38810
806,323,30,2,9990
807,324,35,1,3299
808,324,79,3,41037
809,325,56,2,31499
810,325,18,3,42999
811,325,99,1,21499
812,326,82,2,8003
813,326,35,2,3299
814,326,11,1,80057
815,326,13,2,73460
816,327,25,3,14915
817,327,35,3,3299
818,327,94,2,7499
819,327,81,3,6412
820,328,18,1,42999
821,329,69,2,3999
822,329,52,2,67999
823,329,76,1,54990
824,330,54,2,12146
825,331,98,3,16599
826,331,86,2,2299
827,331,93,3,8871
828,332,72,3,129999
829,332,97,2,4299
830,333,63,3,12999
831,333,59,1,15567
832,333,52,1,67999
833,334,99,2,21499
834,334,57,1,7699
835,335,64,2,24999
836,336,5,2,32381
837,336,2,2,54999
838,337,57,3,8999
839,337,41,2,15999
840,337,36,3,5499
841,338,97,2,4299
842,339,82,2,8999
843,339,99,3,21499
844,340,13,3,71184
845,340,30,1,9089
846,340,20,1,110486
847,341,53,2,124999
848,341,64,2,21948
849,341,56,2,29508
850,342,91,1,12999
851,343,56,1,31499
852,344,92,1,8799
853,345,5,3,31812
854,345,35,3,3299
855,346,19,1,26500
856,346,31,1,7999
857,346,58,3,44999
858,347,90,1,5999
859,347,6,1,18999
860,347,42,1,10915
861,347,12,1,48676
862,348,72,2,125348
863,348,92,2,8799
864,348,74,2,32855
865,349,12,2,54999
866,350,69,3,3999
867,350,78,3,19999
868,351,90,1,5999
869,351,73,2,189990
870,351,70,3,2627
871,351,77,1,89990
872,352,73,1,189990
873,352,37,1,2799
874,353,64,2,24999
875,353,35,2,3250
876,353,96,2,5499
877,353,28,2,21890
878,354,52,2,67999
879,354,53,3,124999
880,355,51,3,89999
881,356,95,3,18999
882,356,4,3,38999
883,357,49,1,6275
884,357,6,2,18999
885,357,5,1,32999
886,358,100,2,5799
887,359,14,2,51939
888,360,82,2,8999
889,360,89,3,3499
890,360,56,3,31499
891,361,31,3,7999
892,362,31,3,7999
893,363,34,3,8499
894,363,82,3,8999
895,363,97,3,3951
896,364,93,3,9999
897,364,55,3,21042
898,365,79,1,44999
899,365,77,1,89990
900,365,30,2,9990
901,365,81,2,6506
902,366,74,3,34999
903,367,66,3,5542
904,368,84,2,1899
905,368,57,1,8999
906,368,73,1,189990
907,369,74,2,34859
908,369,24,2,18990
909,369,53,2,124999
910,370,70,1,2999
911,370,50,1,11576
912,370,46,3,4499
913,371,47,1,6799
914,371,86,1,2299
915,371,1,2,49999
916,372,31,1,7999
917,372,80,2,99990
918,372,20,3,106279
919,373,44,1,8999
920,373,78,3,19999
921,374,97,1,4299
922,374,90,3,5999
923,375,38,3,12663
924,375,84,2,1899
925,375,20,2,108277
926,376,69,1,3815
927,376,52,2,67999
928,376,38,3,12999
929,376,17,3,63844
930,377,6,2,18999
931,377,53,1,121590
932,378,41,1,15467
933,378,5,2,32999
934,378,74,1,34999
935,379,80,1,99990
936,379,11,1,85921
937,380,41,1,15999
938,380,46,2,4499
939,381,98,1,16599
940,381,6,1,16851
941,381,16,2,31999
942,382,24,3,18795
943,382,50,3,11799
944,383,98,3,16599
945,384,10,1,21999
946,384,4,3,38999
947,385,97,3,4299
948,385,64,2,22042
949,385,77,1,89990
950,385,37,2,2799
951,386,77,3,78906
952,386,44,2,8999
953,386,14,3,52000
954,387,51,1,89999
955,387,75,2,24990
956,388,46,1,4499
957,388,20,3,119999
958,388,62,3,14393
959,388,29,3,18571
960,389,60,1,27499
961,389,97,3,3922
962,390,37,3,2799
963,390,28,1,21890
964,390,54,3,12499
965,390,6,1,18999
966,391,28,3,21890
967,391,46,3,4499
968,391,84,3,1899
969,392,26,3,11490
970,392,46,2,4499
971,392,8,2,22325
972,393,74,3,34999
973,393,57,1,7861
974,394,81,2,7499
975,394,84,3,1899
976,394,1,1,49999
977,394,87,1,349
978,395,52,3,67999
979,395,7,2,28932
980,395,68,2,4486
981,396,56,3,31499
982,396,1,2,49999
983,397,43,1,18999
984,397,29,1,19890
985,397,90,1,5999
986,397,53,2,124999
987,398,60,3,25365
988,398,5,1,30406
989,399,98,1,15142
990,400,59,3,13694
991,400,68,2,4499
992,400,27,3,13576
993,400,56,1,31499
994,401,73,1,164802
995,401,79,1,44999
996,402,99,3,19823
997,402,15,1,17944
998,403,35,2,3299
999,403,2,1,54999
1000,403,22,1,38490
1001,404,73,1,189990
1002,404,11,3,89999
1003,404,89,3,3499
1004,405,91,1,12999
1005,405,96,1,5499
1006,405,87,2,349
1007,406,51,1,77590
1008,406,26,1,11490
1009,406,95,2,18999
1010,406,10,1,21999
1011,407,78,1,19999
1012,407,62,2,15499
1013,408,40,2,6499
1014,408,74,2,34999
1015,408,99,2,21499
1016,408,14,2,50237
1017,409,40,3,6499
1018,409,8,1,24999
1019,409,20,1,105495
1020,409,38,1,12999
1021,410,84,3,1881
1022,411,65,2,8999
1023,411,54,2,12499
1024,412,69,1,3592
1025,413,20,2,119999
1026,414,7,1,28999
1027,414,66,3,5647
1028,414,64,3,24999
1029,414,88,2,9899
1030,415,13,2,79500
1031,415,37,2,2673
1032,415,28,1,21890
1033,415,72,1,125264
1034,416,89,2,3499
1035,416,2,2,54999
1036,416,90,3,5999
1037,416,100,3,5755
1038,417,31,1,7999
1039,417,96,2,5164
1040,418,95,3,16587
1041,418,91,1,12021
1042,418,100,2,5799
1043,418,22,3,33793
1044,419,76,2,54990
1045,420,78,3,19164
1046,420,51,1,89999
1047,421,12,1,54999
1048,422,70,3,2999
1049,422,21,3,52990
1050,423,86,1,2299
1051,423,56,2,31499
1052,423,64,1,24999
1053,423,100,1,5799
1054,424,33,1,4276
1055,424,37,3,2799
1056,424,65,2,8999
1057,425,67,3,11999
1058,426,32,1,2217
1059,427,77,1,89990
1060,427,16,1,31999
1061,427,8,3,23516
1062,428,56,2,27949
1063,428,87,2,349
1064,428,9,1,39257
1065,429,4,2,35393
1066,429,10,1,21999
1067,430,72,2,129999
1068,430,1,3,49999
1069,430,86,3,2299
1070,430,94,1,7499
1071,431,63,2,11809
1072,431,24,2,17345
1073,431,13,3,79500
1074,432,22,2,38490
1075,432,70,3,2999
1076,433,55,2,21999
1077,434,18,1,37631
1078,434,32,1,2499
1079,435,6,3,18999
1080,435,38,1,12999
1081,435,35,3,2859
1082,436,61,1,15670
1083,437,80,3,99990
1084,437,78,2,18084
1085,438,27,3,14990
1086,439,67,1,10679
1087,440,69,3,3509
1088,440,10,3,21999
1089,440,65,1,8999
1090,441,98,3,16599
1091,441,70,3,2999
1092,442,8,1,24999
1093,443,1,3,46772
1094,444,91,2,12999
1095,444,90,2,5999
1096,445,19,3,26500
1097,446,62,3,15499
1098,446,7,1,28531
1099,447,16,3,29072
1100,447,74,2,32176
1101,447,66,3,6499
1102,447,47,1,6086
1103,448,37,2,2799
1104,449,24,2,18990
1105,449,85,1,12499
1106,449,5,3,32999
1107,449,33,2,4999
1108,450,82,3,8999
1109,451,51,2,89999
1110,451,59,1,15999
1111,451,65,3,8391
1112,452,65,3,8999
1113,453,80,3,89968
1114,453,62,2,15499
1115,454,20,1,119999
1116,454,26,1,11301
1117,455,48,1,16295
1118,455,38,1,12999
1119,455,78,3,19999
1120,456,62,3,14393
1121,456,11,3,89999
1122,456,4,1,38999
1123,456,88,2,9899
1124,457,89,2,3499
1125,457,35,1,3163
1126,457,91,2,12999
1127,458,67,2,11646
1128,459,39,1,3899
1129,460,75,3,22467
1130,460,81,2,7499
1131,461,96,2,5499
1132,461,2,3,54999
1133,461,26,3,11490
1134,461,27,2,12931
1135,462,83,3,13448
1136,462,41,2,15999
1137,463,2,3,54999
1138,463,8,2,23274
1139,463,27,3,14990
1140,463,19,1,26500
1141,464,52,3,67999
1142,464,32,2,2499
1143,464,65,2,7724
1144,465,26,1,11490
1145,465,16,1,31999
1146,465,9,3,43628
1147,466,37,3,2799
1148,467,17,3,68500
1149,468,9,2,37628
1150,468,54,1,12499
1151,468,69,1,3595
1152,469,42,1,12499
1153,470,84,1,1899
1154,470,17,1,68500
1155,470,41,2,15999
1156,470,9,2,39199
1157,471,7,3,28999
1158,471,21,3,52990
1159,471,82,2,8999
1160,472,73,1,189990
1161,472,83,1,14999
1162,472,15,3,18500
1163,472,2,1,51985
1164,473,18,2,42999
1165,473,10,3,21999
1166,474,85,2,11029
1167,475,85,3,12499
1168,475,26,1,11490
1169,475,22,2,36306
1170,476,27,2,14395
1171,476,37,1,2561
1172,477,92,3,8799
1173,477,7,2,28999
1174,478,86,2,2299
1175,478,46,2,4276
1176,479,77,3,89990
1177,479,54,2,11676
1178,480,58,1,44999
1179,480,87,2,349
1180,480,71,3,149990
1181,481,10,1,21999
1182,481,2,1,50112
1183,481,74,3,32189
1184,482,99,3,21499
1185,482,41,3,15999
1186,482,20,2,119999
1187,482,9,2,43999
1188,483,53,1,124999
1189,484,29,3,19890
1190,484,16,3,31999
1191,485,53,1,120374
1192,485,66,3,6499
1193,485,58,2,39581
1194,486,18,1,42999
1195,486,93,1,9999
1196,487,82,2,8999
1197,487,51,2,89999
1198,487,40,2,6499
1199,487,86,2,2299
1200,488,2,3,54999
1201,488,17,3,68500
1202,488,27,1,14543
1203,488,99,2,20845
1204,489,75,1,24990
1205,489,11,2,89999
1206,489,62,2,14573
1207,490,59,1,15999
1208,490,62,1,15499
1209,490,24,1,18990
1210,491,20,3,119999
1211,491,53,2,124999
1212,492,90,1,5999
1213,492,71,3,149990
1214,492,50,1,11799
1215,493,29,2,19890
1216,493,59,2,15999
1217,494,100,1,5799
1218,494,36,3,5499
1219,494,22,2,38490
1220,494,20,1,119999
1221,495,6,2,18999
1222,496,24,3,18187
1223,496,88,2,9899
1224,496,84,3,1899
1225,497,60,2,24216
1226,498,97,2,4033
1227,498,43,1,18999
1228,499,96,1,5369
1229,499,18,2,42999
1230,499,39,2,3899
1231,500,23,2,34990
1232,501,98,2,14689
1233,501,99,3,21499
1234,502,21,3,52990
1235,502,14,2,52000
1236,503,22,3,38490
1237,503,81,2,7499
1238,503,63,3,12999
1239,503,1,3,48690
1240,504,49,3,7299
1241,504,100,3,5799
1242,504,45,1,5302
1243,504,6,3,18999
1244,505,66,1,6499
1245,505,83,3,14999
1246,505,9,3,43999
1247,506,12,2,54999
1248,506,97,1,4299
1249,507,78,2,19999
1250,508,6,2,18999
1251,508,49,2,6962
1252,509,39,3,3899
1253,509,47,1,6799
1254,509,75,2,23406
1255,510,23,1,34142
1256,510,7,3,28999
1257,510,89,2,3499
1258,511,63,1,12999
1259,511,27,3,14990
1260,511,71,1,149990
1261,512,30,3,9990
1262,513,94,2,7111
1263,513,74,1,34999
1264,514,10,2,18838
1265,514,88,2,9538
1266,514,39,2,3899
1267,514,15,2,18143
1268,515,64,3,24999
1269,515,94,1,7499
1270,515,36,3,5499
1271,515,45,2,5999
1272,516,1,3,49999
1273,516,56,3,28223
1274,516,39,2,3474
1275,516,51,3,89999
1276,517,25,2,16490
1277,517,23,3,34990
1278,517,99,1,21499
1279,518,76,3,54990
1280,518,14,3,52000
1281,519,93,1,9801
1282,519,26,3,11490
1283,519,47,2,6799
1284,520,57,3,8999
1285,520,9,1,43999
1286,520,18,3,38562
1287,521,3,1,39526
1288,522,30,3,9990
1289,522,80,1,99990
1290,522,29,3,19890
1291,523,1,2,49497
1292,523,36,1,5499
1293,523,73,1,189076
1294,523,12,1,48332
1295,524,17,1,68500
1296,524,36,2,5499
1297,525,14,3,47303
1298,525,95,3,18999
1299,526,99,2,21499
1300,526,17,3,63323
1301,527,72,3,129999
1302,528,94,1,7499
1303,528,79,3,41149
1304,529,45,3,5999
1305,529,93,3,9999
1306,529,78,3,19999
1307,530,34,2,8499
1308,530,19,3,26500
1309,531,83,2,14444
1310,531,76,1,49703
1311,531,57,3,8999
1312,531,42,1,12499
1313,532,61,2,16999
1314,533,26,2,11490
1315,534,21,1,50683
1316,534,16,2,27329
1317,534,46,3,4499
1318,535,95,1,18999
1319,535,3,2,42620
1320,535,100,1,5799
1321,535,15,2,18500
1322,536,24,2,17459
1323,536,26,1,11490
1324,536,71,1,149990
1325,537,41,3,14745
1326,538,71,2,149990
1327,538,52,1,66350
1328,539,29,1,19890
1329,540,91,3,12810
1330,540,90,2,5999
1331,540,66,1,6499
1332,541,74,1,34999
1333,542,27,1,14990
1334,542,96,1,5499
1335,543,45,2,5244
1336,543,99,2,19884
1337,543,10,3,19610
1338,543,18,1,42999
1339,544,11,2,89999
1340,544,83,1,14999
1341,545,73,3,182334
1342,546,37,2,2625
1343,546,98,3,16599
1344,546,97,1,4061
1345,546,48,2,14550
1346,547,82,1,8287
1347,547,84,2,1899
1348,547,86,2,2179
1349,548,79,1,44999
1350,548,83,1,14999
1351,548,56,2,31499
1352,548,73,1,189990
1353,549,18,3,42999
1354,549,34,2,8499
1355,549,9,3,43999
1356,550,45,1,5999
1357,550,23,3,34990
1358,550,50,1,10499
1359,550,58,3,44999
1360,551,26,3,11490
1361,551,15,1,18500
1362,551,9,3,43999
1363,551,77,2,89990
1364,552,32,1,2499
1365,553,9,3,43999
1366,553,30,2,9990
1367,554,67,3,11999
1368,554,27,3,14990
1369,555,63,2,12760
1370,555,61,2,16999
1371,555,40,1,5835
1372,556,75,2,24990
1373,556,22,1,38490
1374,556,16,2,31999
1375,557,28,1,21890
1376,557,85,2,12499
1377,557,54,1,12494
1378,558,72,2,118338
1379,558,44,3,8999
1380,558,53,2,106487
1381,558,77,1,89553
1382,559,28,1,20229
1383,559,87,2,349
1384,559,38,1,12999
1385,560,16,1,31999
1386,560,61,2,15207
1387,560,80,1,99990
1388,561,49,3,7299
1389,561,41,3,15999
1390,561,52,3,67999
1391,561,6,3,18999
1392,562,45,3,5999
1393,562,66,2,5901
1394,563,46,1,4499
1395,564,77,1,87067
1396,564,37,1,2799
1397,564,21,3,52990
1398,565,68,3,4499
1399,566,73,2,161514
1400,566,34,3,8499
1401,566,27,3,14990
1402,567,31,3,7999
1403,567,98,3,16599
1404,568,89,2,3499
1405,568,29,1,19890
1406,568,66,1,6499
1407,568,75,3,24990
1408,569,89,2,3499
1409,569,7,3,28999
1410,570,60,2,25990
1411,570,68,3,3947
1412,570,36,3,5475
1413,571,40,3,6263
1414,571,99,2,20091
1415,572,85,2,10831
1416,572,6,1,18999
1417,573,78,1,18134
1418,573,19,3,26500
1419,573,81,1,7499
1420,574,70,3,2999
1421,574,93,3,9999
1422,575,69,1,3999
1423,575,24,3,18990
1424,576,42,3,12164
1425,577,13,2,79500
1426,577,94,1,7499
1427,578,10,1,21449
1428,578,91,2,12999
1429,579,68,3,3975
1430,579,42,3,12499
1431,579,77,3,89990
1432,579,86,3,2299
1433,580,4,2,38999
1434,580,12,3,54999
1435,580,37,1,2799
1436,581,85,1,12499
1437,581,2,2,54999
1438,581,56,2,31499
1439,582,77,3,89990
1440,582,90,1,5999
1441,582,73,1,172503
1442,583,97,3,3893
1443,583,9,3,39336
1444,584,63,1,12999
1445,585,92,1,8799
1446,585,74,3,30930
1447,585,34,2,8394
1448,585,9,1,42084
1449,586,4,2,38999
1450,586,63,3,11551
1451,586,9,3,39474
1452,587,83,3,14999
1453,588,13,1,73581
1454,588,82,2,8999
1455,589,71,1,144629
1456,589,16,3,31999
1457,589,29,1,19204
1458,590,17,1,68500
1459,590,83,2,14999
1460,590,20,2,119999
1461,591,89,2,3157
1462,591,69,1,3999
1463,592,86,2,2165
1464,592,75,2,22284
1465,592,6,2,18999
1466,593,45,2,5999
1467,594,100,2,5799
1468,594,1,3,49999
1469,595,94,3,7499
1470,595,22,1,34087
1471,595,15,1,16274
1472,596,64,3,24999
1473,596,50,1,10602
1474,596,40,3,6499
1475,596,14,1,52000
1476,597,3,3,37664
1477,597,100,2,5207
1478,597,62,1,15499
1479,597,55,2,21055
1480,598,21,1,48476
1481,598,35,2,3299
1482,598,27,3,14990
1483,598,86,3,2299
1484,599,23,2,34990
1485,600,12,3,54999
1486,600,72,3,127668
1487,600,28,3,21890
1488,601,33,2,4920
1489,602,97,1,4299
1490,602,10,3,21999
1491,603,46,3,4499
1492,604,13,3,79500
1493,604,37,3,2653
1494,604,78,1,19999
1495,604,64,3,24999
1496,605,46,1,4499
1497,605,80,2,91243
1498,605,31,1,7999
1499,606,28,3,21890
1500,606,38,3,12999
1501,607,49,3,7299
1502,607,14,1,52000
1503,607,78,2,18758
1504,608,40,2,6499
1505,608,45,2,5999
1506,609,45,1,5609
1507,609,80,2,99990
1508,610,21,3,46111
1509,611,42,1,12499
1510,611,36,3,5499
1511,611,4,1,38999
1512,612,10,2,21248
1513,612,39,1,3899
1514,612,68,1,4499
1515,613,9,1,43999
1516,614,55,3,21999
1517,615,6,3,18999
1518,615,12,2,54999
1519,615,30,3,9990
1520,616,74,1,34999
1521,617,6,2,18999
1522,617,76,2,54990
1523,617,68,2,4156
1524,618,33,1,4999
1525,618,62,2,15499
1526,619,95,2,18999
1527,619,83,1,14994
1528,619,91,1,12999
1529,620,67,2,11538
1530,620,66,1,6499
1531,621,76,2,52910
1532,622,12,2,52174
1533,622,43,1,18999
1534,623,31,2,7999
1535,623,63,1,12999
1536,623,81,1,7499
1537,623,32,1,2499
1538,624,55,1,21999
1539,624,90,3,5999
1540,625,84,2,1899
1541,625,61,2,16999
1542,626,62,3,15499
1543,626,81,1,7499
1544,626,68,3,4499
1545,626,32,1,2499
1546,627,85,3,12499
1547,628,86,3,1999
1548,628,67,1,11614
1549,628,42,3,12499
1550,628,49,3,7299
1551,629,88,3,9899
1552,629,80,2,99990
1553,629,66,3,6499
1554,629,3,2,42999
1555,630,43,1,18999
1556,630,73,2,189990
1557,631,49,2,7299
1558,631,37,3,2799
1559,631,36,3,5499
1560,632,36,3,5499
1561,633,1,1,49999
1562,633,42,1,12499
1563,633,92,2,8799
1564,633,30,2,9369
1565,634,81,2,7499
1566,634,59,3,15999
1567,634,13,3,79500
1568,634,29,2,19890
1569,635,72,1,129999
1570,636,40,2,5919
1571,636,96,1,5340
1572,636,66,2,5695
1573,637,75,2,24990
1574,637,81,3,7456
1575,637,12,1,54999
1576,637,86,3,2299
1577,638,14,1,52000
1578,638,84,2,1899
1579,639,73,3,173346
1580,639,99,2,21499
1581,639,19,1,26500
1582,640,35,1,3299
1583,640,78,2,17571
1584,640,39,2,3899
1585,640,9,3,43999
1586,641,84,1,1640
1587,641,10,3,20593
1588,641,21,3,45945
1589,642,78,3,19999
1590,643,86,3,2125
1591,643,40,2,6499
1592,643,26,2,11211
1593,643,79,1,43962
1594,644,58,1,44999
1595,644,82,2,8999
1596,644,70,3,2999
1597,645,22,3,38490
1598,645,31,2,7999
1599,645,37,2,2799
1600,645,86,2,2299
1601,646,34,2,8499
1602,646,100,3,5033
1603,647,60,3,26986
1604,647,50,2,11799
1605,648,79,3,44999
1606,648,69,1,3999
1607,649,72,3,127478
1608,650,99,2,21499
1609,650,75,1,24990
1610,651,61,3,16999
1611,651,7,1,24655
1612,652,46,1,4499
1613,652,81,3,7499
1614,653,62,3,13445
1615,654,79,1,44999
1616,654,14,3,52000
1617,654,72,3,129999
1618,654,67,3,11999
1619,655,56,2,31499
1620,655,85,3,10954
1621,656,100,1,5799
1622,656,66,3,6499
1623,657,29,3,19890
1624,657,97,1,4191
1625,658,10,3,21999
1626,658,14,2,52000
1627,658,52,3,67999
1628,658,70,3,2999
1629,659,70,2,2786
1630,660,38,1,12999
1631,660,88,2,9899
1632,661,42,1,12499
1633,662,5,2,32999
1634,663,99,3,21499
1635,663,78,3,19999
1636,664,3,3,42999
1637,664,73,1,189990
1638,664,30,1,9990
1639,664,43,3,18999
1640,665,55,2,19692
1641,666,47,1,6799
1642,666,71,2,131665
1643,666,42,3,12246
1644,667,4,3,38999
1645,668,75,3,21495
1646,668,54,2,10932
1647,668,6,2,16725
1648,669,89,1,3136
1649,670,44,1,8999
1650,671,33,2,4999
1651,671,49,3,7299
1652,671,99,3,21499
1653,671,52,3,66219
1654,672,72,2,129999
1655,672,88,3,9148
1656,672,68,3,4499
1657,672,86,3,2002
1658,673,7,3,28999
1659,673,100,1,5074
1660,673,29,1,19890
1661,674,90,1,5150
1662,674,35,1,3299
1663,674,92,1,8799
1664,674,24,2,18990
1665,675,77,3,89990
1666,675,50,3,11799
1667,675,59,1,15999
1668,676,65,3,8999
1669,677,44,3,8999
1670,677,69,2,3999
1671,677,23,1,34990
1672,677,21,2,52990
1673,678,93,1,9999
1674,679,24,2,18990
1675,679,68,3,4453
1676,680,97,1,4299
1677,681,60,2,27499
1678,682,61,1,16999
1679,683,96,1,5140
1680,683,37,1,2401
1681,684,8,3,24999
1682,685,96,3,5111
1683,685,32,3,2499
1684,685,80,1,89369
1685,685,91,2,12999
1686,686,91,1,11217
1687,686,58,3,39179
1688,686,1,1,48005
1689,687,78,3,19999
1690,687,99,1,21499
1691,687,40,2,6087
1692,687,20,1,119999
1693,688,46,3,4499
1694,688,22,3,38490
1695,688,3,3,39433
1696,689,7,3,28999
1697,689,48,3,14517
1698,689,65,1,8999
1699,690,22,3,38490
1700,690,45,1,5999
1701,690,2,3,54999
1702,690,74,3,34999
1703,691,87,3,341
1704,691,47,3,6478
1705,691,13,1,79500
1706,692,55,3,21999
1707,692,13,1,79500
1708,692,67,3,11999
1709,692,97,3,4299
1710,693,49,1,7299
1711,693,55,2,21999
1712,694,48,1,16499
1713,695,33,2,4653
1714,696,79,1,44999
1715,697,76,2,54990
1716,697,100,2,5175
1717,697,53,2,124999
1718,698,81,2,7499
1719,698,77,3,89990
1720,698,78,1,19999
1721,699,63,1,12999
1722,699,32,2,2499
1723,700,76,1,54990
1724,700,25,3,15594
1725,701,80,3,99990
1726,702,37,3,2799
1727,702,16,1,31999
1728,702,3,2,42999
1729,702,32,3,2499
1730,703,93,3,9999
1731,704,41,3,14803
1732,704,44,1,8323
1733,704,36,2,5499
1734,704,16,3,31999
1735,705,93,2,9999
1736,706,57,3,8999
1737,707,58,1,44999
1738,707,65,1,8999
1739,707,69,3,3805
1740,708,76,2,54990
1741,709,29,2,19890
1742,709,77,3,89990
1743,710,80,2,99990
1744,710,15,2,18500
1745,710,99,1,21391
1746,710,82,3,8999
1747,711,55,2,21999
1748,711,90,2,5553
1749,712,23,2,34990
1750,712,90,3,5915
1751,712,55,2,21999
1752,713,40,3,6499
1753,713,97,2,4299
1754,714,62,3,15499
1755,714,93,3,9999
1756,715,42,1,12499
1757,715,99,1,21499
1758,715,35,2,3299
1759,716,84,3,1899
1760,716,78,2,19249
1761,716,2,2,46859
1762,717,5,1,29496
1763,717,4,1,38773
1764,717,35,1,3299
1765,717,25,1,16490
1766,718,63,2,12999
1767,718,80,1,99990
1768,718,57,3,8999
1769,719,21,2,45479
1770,719,31,1,7178
1771,720,17,3,63751
1772,720,28,3,19774
1773,720,79,3,44999
1774,721,22,1,38490
1775,721,73,3,189990
1776,722,76,3,54990
1777,722,66,3,6499
1778,723,9,3,38420
1779,723,86,1,2299
1780,723,54,1,12499
1781,724,38,3,12999
1782,724,52,1,67999
1783,724,14,1,50263
1784,724,45,2,5999
1785,725,2,2,54999
1786,725,80,3,99990
1787,726,88,1,9899
1788,726,37,2,2799
1789,726,9,1,43999
1790,727,52,1,67068
1791,728,13,3,74250
1792,729,9,1,43999
1793,729,47,3,6157
1794,729,85,2,12499
1795,729,67,3,11292
1796,730,52,1,63610
1797,731,3,2,42999
1798,731,4,1,38999
1799,731,96,2,5499
1800,732,4,3,38999
1801,733,7,2,28999
1802,733,68,3,4499
1803,734,35,1,3299
1804,735,48,3,16499
1805,735,29,2,19890
1806,735,58,2,44999
1807,736,56,1,31499
1808,736,48,1,16499
1809,736,100,2,5799
1810,737,93,2,9600
1811,737,31,1,7071
1812,738,93,1,9001
1813,738,29,3,17302
1814,738,45,3,5987
1815,738,17,3,68500
1816,739,97,2,4160
1817,739,30,3,8916
1818,739,88,2,9899
1819,740,77,2,78497
1820,740,16,2,31999
1821,740,93,2,9999
1822,740,56,3,31499
1823,741,70,3,2875
1824,742,91,1,12999
1825,742,68,3,4499
1826,742,6,3,18999
1827,743,49,2,7299
1828,743,2,2,54999
1829,743,17,3,68500
1830,743,57,2,8999
1831,744,39,2,3899
1832,744,31,1,7999
1833,744,22,3,34090
1834,745,46,3,4499
1835,745,10,3,21999
1836,746,86,1,2094
1837,746,18,1,42999
1838,747,30,1,9990
1839,748,43,1,18999
1840,749,36,2,5499
1841,749,81,1,7499
1842,750,7,2,28999
1843,751,68,3,4499
1844,751,61,3,15546
1845,751,37,3,2590
1846,752,36,1,5499
1847,753,60,1,27499
1848,753,51,1,81578
1849,753,54,1,10766
1850,754,6,1,17963
1851,755,37,1,2799
1852,756,53,1,124999
1853,756,59,1,15999
1854,756,58,2,42560
1855,756,42,1,11707
1856,757,12,1,54461
1857,758,19,3,24337
1858,758,58,1,43985
1859,759,21,1,52990
1860,759,62,1,15499
1861,759,47,2,6799
1862,760,80,3,99990
1863,760,86,3,2284
1864,760,41,3,15999
1865,760,37,2,2419
1866,761,97,1,4215
1867,761,5,1,31184
1868,761,89,2,3499
1869,761,93,3,9000
1870,762,22,3,38490
1871,762,95,2,18999
1872,762,50,3,11181
1873,763,40,1,6499
1874,763,31,2,7999
1875,763,97,3,4299
1876,763,30,1,8627
1877,764,12,2,54999
1878,764,78,1,19999
1879,765,95,2,18999
1880,766,79,3,44999
1881,767,65,3,8307
1882,768,12,2,54999
1883,768,15,1,18500
1884,769,21,3,52990
1885,769,13,3,77016
1886,769,42,3,12499
1887,770,12,1,54999
1888,771,7,1,28999
1889,771,15,1,16673
1890,771,41,2,15999
1891,771,53,3,124999
1892,772,57,1,8999
1893,772,95,3,17537
1894,773,23,2,34990
1895,773,77,2,89990
1896,773,47,1,6651
1897,774,9,3,38587
1898,775,7,1,28999
1899,775,3,2,42999
1900,775,73,2,189990
1901,775,56,1,31499
1902,776,44,1,8999
1903,776,49,3,7299
1904,777,23,3,34990
1905,777,36,1,4830
1906,777,86,3,2299
1907,777,49,1,7299
1908,778,44,3,8999
1909,778,29,1,19890
1910,779,77,2,89990
1911,779,7,3,26846
1912,779,1,2,49999
1913,780,68,1,4499
1914,781,73,2,189990
1915,781,50,3,11799
1916,781,22,3,38490
1917,781,28,3,21890
1918,782,17,1,68500
1919,782,10,2,21478
1920,782,74,3,34999
1921,782,75,2,24990
1922,783,43,3,18999
1923,783,70,2,2999
1924,783,57,2,8999
1925,783,74,1,34999
1926,784,53,2,124999
1927,784,31,1,7999
1928,785,83,3,14999
1929,785,51,2,89999
1930,785,49,3,7299
1931,785,92,2,8799
1932,786,26,3,11490
1933,786,60,3,26688
1934,786,33,1,4786
1935,786,92,3,8364
1936,787,92,2,8799
1937,787,100,3,5799
1938,787,26,1,11490
1939,788,85,3,12499
1940,788,61,2,16999
1941,789,26,3,11490
1942,789,28,3,21890
1943,789,19,3,24275
1944,790,44,2,7840
1945,790,26,1,10216
1946,790,42,1,11615
1947,790,72,2,129999
1948,791,89,2,3499
1949,791,33,1,4999
1950,792,54,3,12499
1951,792,71,3,148729
1952,792,27,1,14990
1953,792,85,1,12499
1954,793,36,1,5499
1955,793,32,2,2499
1956,794,62,1,15499
1957,794,7,2,28999
1958,794,16,1,31999
1959,795,85,3,12499
1960,795,67,1,11999
1961,795,72,3,129999
1962,796,44,2,8999
1963,796,86,1,2227
1964,796,59,1,15999
1965,796,69,1,3999
1966,797,56,3,31499
1967,797,5,1,32999
1968,797,42,2,12499
1969,798,54,2,12499
1970,798,87,1,349
1971,798,68,1,4499
1972,799,58,2,43915
1973,799,11,3,89999
1974,799,67,3,11999
1975,800,29,2,18858
1976,800,50,1,11799
1977,801,79,2,42106
1978,801,41,3,14465
1979,801,94,2,7499
1980,801,8,3,24999
1981,802,24,3,18990
1982,803,28,1,21890
1983,803,61,3,15827
1984,804,35,2,3299
1985,804,22,3,38490
1986,804,18,3,42999
1987,805,82,3,7779
1988,805,34,1,8499
1989,805,36,1,5499
1990,806,32,2,2499
1991,806,25,1,15793
1992,806,83,3,14999
1993,807,18,2,42999
1994,808,36,3,4720
1995,809,77,1,89990
1996,809,46,1,4499
1997,809,66,2,6499
1998,810,88,2,9899
1999,810,43,3,18999
2000,810,81,2,6777
2001,810,66,2,6499
2002,811,79,2,44999
2003,811,24,2,18990
2004,812,79,2,38372
2005,812,92,3,8799
2006,813,46,3,3897
2007,813,58,1,44999
2008,814,6,3,17540
2009,814,85,1,12499
2010,815,55,2,21999
2011,815,37,1,2696
2012,816,12,3,54999
2013,817,60,2,27432
2014,818,26,3,11490
2015,819,95,1,16452
2016,819,3,3,42999
2017,819,7,1,28999
2018,820,28,1,21890
2019,820,45,2,5999
2020,821,67,3,10217
2021,821,12,1,54999
2022,821,92,1,8799
2023,821,76,3,54990
2024,822,18,2,41258
2025,823,75,1,24990
2026,823,15,1,18500
2027,823,60,3,26548
2028,824,14,3,52000
2029,824,72,1,129999
2030,824,97,2,4299
2031,824,8,3,24999
2032,825,72,1,120704
2033,825,11,2,77175
2034,826,10,3,21999
2035,826,20,3,119999
2036,826,45,1,5999
2037,827,25,3,16490
2038,827,64,3,23766
2039,828,67,1,11957
2040,829,54,2,12499
2041,829,63,3,12999
2042,829,18,3,42999
2043,829,94,3,6677
2044,830,96,3,5499
2045,830,33,3,4454
2046,831,34,3,8499
2047,831,48,3,16499
2048,831,20,1,119999
2049,831,66,2,5680
2050,832,32,1,2499
2051,833,17,2,58233
2052,833,85,3,12191
2053,833,3,2,42999
2054,833,86,3,2299
2055,834,74,1,34092
2056,834,96,1,5499
2057,835,25,3,16490
2058,836,24,3,18990
2059,836,2,1,54999
2060,836,29,1,19860
2061,837,15,2,18500
2062,837,92,2,8799
2063,837,65,1,8999
2064,838,41,3,15999
2065,839,93,2,9999
2066,839,67,2,11999
2067,839,100,1,5799
2068,839,96,3,5499
2069,840,12,2,54999
2070,840,36,1,5499
2071,840,41,3,15999
2072,841,1,3,49999
2073,841,10,3,21999
2074,841,49,1,7299
2075,842,69,3,3999
2076,842,99,3,21499
2077,842,34,3,8499
2078,842,67,3,11999
2079,843,59,2,14890
2080,843,79,3,44999
2081,844,100,3,5799
2082,844,90,1,5999
2083,844,25,1,16490
2084,844,13,1,73850
2085,845,36,2,5499
2086,845,58,3,44999
2087,845,98,3,16599
2088,846,91,1,12999
2089,847,54,1,12499
2090,847,37,2,2799
2091,847,12,3,54999
2092,847,84,2,1899
2093,848,78,1,19225
2094,848,71,2,149990
2095,849,18,2,37853
2096,850,10,2,21999
2097,850,15,1,18500
2098,850,16,1,31999
2099,850,5,2,32999
2100,851,30,2,8971
2101,852,8,3,24999
2102,853,65,3,8999
2103,853,57,3,8862
2104,853,42,3,12499
2105,854,30,3,9101
2106,855,8,3,24656
2107,855,47,3,6799
2108,855,52,1,67999
2109,856,85,1,12499
2110,856,61,1,16999
2111,857,20,2,119999
2112,857,57,1,8719
2113,858,97,1,4223
2114,859,77,2,83991
2115,859,9,3,43999
2116,860,87,2,302
2117,860,13,3,71180
2118,860,75,2,24990
2119,861,70,1,2999
2120,861,10,2,21999
2121,862,8,2,24039
2122,862,71,2,133599
2123,862,46,3,4499
2124,863,57,2,8999
2125,864,57,3,8999
2126,864,28,3,21890
2127,864,56,2,31499
2128,864,20,3,105032
2129,865,32,1,2499
2130,866,26,3,11171
2131,866,58,2,44999
2132,867,70,3,2999
2133,867,73,2,189990
2134,867,47,2,6799
2135,868,8,3,24999
2136,868,21,3,52990
2137,869,95,1,18999
2138,869,79,1,44999
2139,870,57,3,8999
2140,870,46,2,4368
2141,870,14,1,52000
2142,871,88,1,9899
2143,871,30,3,9990
2144,871,39,2,3690
2145,872,37,2,2799
2146,872,19,1,26500
2147,872,34,3,8499
2148,872,15,2,18500
2149,873,8,2,24999
2150,873,51,1,89999
2151,874,81,2,7499
2152,874,88,2,9899
2153,874,90,1,5999
2154,875,59,2,15432
2155,875,31,2,6931
2156,875,14,3,52000
2157,876,19,3,26500
2158,876,26,2,11490
2159,877,84,2,1899
2160,878,5,1,32999
2161,878,82,2,8999
2162,878,38,2,12999
2163,879,8,1,24999
2164,880,85,3,11349
2165,880,32,2,2499
2166,881,35,2,3299
2167,882,98,2,16599
2168,883,54,3,10738
2169,883,48,1,16499
2170,884,58,2,43382
2171,884,64,3,24999
2172,884,55,1,21999
2173,884,39,1,3899
2174,885,43,2,18999
2175,885,82,1,8284
2176,885,19,3,26500
2177,885,98,2,16599
2178,886,90,3,5999
2179,886,89,3,3311
2180,886,88,3,9899
2181,886,65,1,8999
2182,887,27,2,14990
2183,888,83,2,14999
2184,888,10,3,21686
2185,889,88,3,9884
2186,890,90,2,5468
2187,890,44,3,8999
2188,891,99,1,20580
2189,891,35,1,3080
2190,892,32,2,2499
2191,892,17,2,65690
2192,892,54,3,11103
2193,892,99,2,20535
2194,893,50,2,11155
2195,893,73,2,189990
2196,894,50,2,10389
2197,895,82,1,8431
2198,896,2,3,54999
2199,896,85,2,12499
2200,896,5,3,32999
2201,897,79,2,44999
2202,897,74,3,30265
2203,898,6,3,18977
2204,898,69,3,3999
2205,898,46,1,4499
2206,899,41,1,15999
2207,899,50,3,11799
2208,899,54,3,12182
2209,899,80,3,99990
2210,900,16,1,31999
2211,900,97,3,4299
2212,901,51,1,89999
2213,901,87,2,349
2214,902,42,2,12499
2215,902,89,3,3499
2216,903,62,3,15499
2217,903,46,1,4499
2218,903,15,3,18500
2219,904,9,2,43999
2220,905,29,3,19890
2221,906,28,3,21890
2222,906,82,1,8999
2223,907,50,3,11471
2224,908,90,3,5999
2225,908,85,2,12499
2226,908,52,2,67999
2227,908,76,3,54990
2228,909,43,2,16852
2229,909,30,3,9990
2230,909,71,3,149990
2231,910,29,1,19890
2232,910,22,3,38490
2233,910,42,2,12499
2234,910,15,1,18500
2235,911,2,2,54967
2236,911,8,1,24999
2237,911,74,2,34999
2238,911,94,3,7499
2239,912,46,1,4077
2240,912,58,3,44999
2241,912,69,1,3561
2242,913,95,1,18888
2243,913,25,2,14380
2244,914,96,3,5499
2245,914,48,3,16499
2246,914,100,3,5799
2247,914,43,1,18999
2248,915,16,1,29660
2249,915,69,3,3999
2250,915,23,1,34990
2251,916,21,2,50320
2252,917,81,2,7499
2253,917,64,3,24999
2254,917,4,2,38999
2255,918,3,2,36553
2256,919,61,1,16999
2257,920,57,1,7962
2258,920,44,1,8999
2259,920,47,3,6799
2260,921,16,3,29077
2261,922,22,1,36543
2262,922,41,3,15281
2263,922,45,2,5999
2264,922,17,3,68500
2265,923,4,1,38999
2266,923,66,3,6499
2267,923,10,1,21999
2268,923,33,3,4999
2269,924,65,1,8999
2270,924,84,2,1624
2271,925,34,1,8499
2272,926,9,3,43999
2273,926,75,2,24990
2274,926,35,1,3299
2275,927,55,3,21999
2276,928,25,2,15500
2277,929,77,2,77606
2278,929,47,1,6799
2279,929,14,3,46508
2280,930,61,1,16999
2281,930,37,3,2799
2282,930,95,1,18999
2283,930,82,3,8103
2284,931,63,3,12747
2285,932,13,1,79500
2286,933,42,2,12499
2287,933,37,3,2799
2288,934,66,3,6499
2289,934,31,2,6970
2290,935,62,1,15499
2291,935,8,1,24999
2292,936,88,2,9899
2293,936,41,1,15999
2294,936,38,2,12999
2295,936,57,3,8999
2296,937,71,1,149990
2297,938,69,2,3905
2298,939,50,3,11799
2299,939,53,1,124999
2300,939,87,3,321
2301,940,100,1,5799
2302,940,22,3,36455
2303,941,20,1,119999
2304,941,53,1,124999
2305,942,51,1,83712
2306,942,74,1,34999
2307,943,57,3,8999
2308,943,12,1,52999
2309,943,41,3,15999
2310,943,22,3,38490
2311,944,53,2,124999
2312,944,45,3,5999
2313,945,16,2,31999
2314,945,100,1,5799
2315,946,49,2,7299
2316,947,8,2,24811
2317,947,11,2,89999
2318,948,34,1,8499
2319,948,54,1,12499
2320,948,9,3,37530
2321,948,8,1,24999
2322,949,23,3,34990
2323,949,69,2,3999
2324,950,36,1,5147
2325,950,31,1,7999
2326,950,19,3,26500
2327,950,40,1,6498
2328,951,75,3,24990
2329,952,71,1,149990
2330,953,87,1,349
2331,954,77,2,89990
2332,954,97,1,4122
2333,954,48,1,16499
2334,954,96,1,5499
2335,955,67,2,11999
2336,956,50,1,11799
2337,956,37,1,2799
2338,956,21,2,45567
2339,957,67,2,10360
2340,957,52,3,63891
2341,957,85,2,12499
2342,958,78,1,19999
2343,958,24,3,18990
2344,958,43,1,18999
2345,959,78,1,19999
2346,959,28,3,18741
2347,960,33,3,4999
2348,960,62,1,15499
2349,960,34,3,8499
2350,961,5,1,32999
2351,961,79,3,44999
2352,962,8,2,24999
2353,963,83,1,14999
2354,963,15,2,18500
2355,963,72,2,114409
2356,963,94,2,7499
2357,964,30,1,8552
2358,964,47,3,6799
2359,964,42,3,12429
2360,965,98,1,16599
2361,966,57,2,8999
2362,966,96,1,5161
2363,966,87,3,306
2364,967,63,1,12999
2365,967,42,1,10818
2366,968,22,2,38490
2367,968,56,2,31499
2368,968,88,3,9899
2369,968,48,2,15394
2370,969,98,3,16599
2371,969,90,2,5999
2372,969,3,3,42999
2373,970,52,2,67999
2374,970,83,2,14999
2375,970,80,3,87523
2376,970,6,3,18999
2377,971,58,2,44999
2378,972,41,3,15999
2379,972,99,2,21499
2380,972,98,2,16599
2381,972,53,1,124999
2382,973,84,1,1778
2383,973,27,3,14702
2384,974,16,2,28482
2385,974,86,3,2225
2386,974,61,3,16999
2387,975,1,1,49999
2388,975,60,1,27499
2389,975,35,3,3299
2390,976,48,3,16499
2391,976,9,2,43999
2392,976,53,1,124999
2393,977,70,1,2999
2394,977,69,1,3634
2395,977,88,3,9899
2396,977,5,1,32999
2397,978,40,2,6499
2398,978,30,1,9990
2399,978,77,3,87443
2400,979,34,3,7472
2401,980,53,3,124999
2402,981,100,2,5644
2403,981,23,3,34990
2404,981,55,1,21999
2405,982,26,1,10312
2406,982,94,1,7499
2407,982,34,1,8499
2408,983,35,2,3299
2409,984,27,1,14990
2410,984,95,1,18999
2411,984,71,1,149990
2412,985,38,1,12999
2413,986,97,3,3930
2414,986,4,2,38999
2415,986,63,2,12643
2416,986,18,1,40630
2417,987,100,2,5799
2418,987,10,3,21999
2419,988,32,1,2499
2420,988,74,2,31612
2421,988,48,2,16499
2422,988,24,1,18990
2423,989,36,2,5119
2424,990,30,3,9990
2425,990,64,2,22765
2426,991,18,3,38922
2427,991,39,2,3899
2428,991,23,2,34990
2429,991,76,3,54990
2430,992,43,2,16330
2431,993,76,3,54990
2432,993,65,1,8999
2433,993,6,3,18853
2434,994,28,3,21890
2435,994,41,3,15999
2436,994,33,1,4999
2437,995,1,1,47956
2438,996,23,2,34990
2439,996,32,2,2499
2440,996,17,3,68500
2441,997,7,3,26000
2442,998,33,1,4999
2443,999,15,1,17554
2444,999,5,3,32999
2445,999,80,2,99990
2446,1000,57,1,8999
2447,1000,28,2,21890
2448,1000,99,1,21499
2449,1000,77,3,89990
2450,1001,4,1,38999
2451,1001,89,3,3499
2452,1002,59,1,15047
2453,1002,5,3,32999
2454,1002,9,1,37888
2455,1002,18,2,38566
2456,1003,93,2,9999
2457,1003,7,3,28999
2458,1003,73,3,189990
2459,1004,7,3,25413
2460,1004,19,2,26500
2461,1004,98,2,16599
2462,1004,46,3,4466
2463,1005,31,2,7999
2464,1005,69,1,3999
2465,1006,82,3,8999
2466,1006,96,1,5499
2467,1006,6,2,17457
2468,1006,28,2,21890
2469,1007,55,1,21999
2470,1007,71,1,148557
2471,1007,81,2,7265
2472,1008,86,1,2299
2473,1009,83,2,13495
2474,1010,30,3,9990
2475,1011,7,1,28999
2476,1012,78,1,17186
2477,1012,23,1,34990
2478,1012,51,2,89999
2479,1012,12,3,54999
2480,1013,15,2,18500
2481,1013,28,3,21890
2482,1013,59,3,15999
2483,1013,54,3,12499
2484,1014,88,3,9020
2485,1014,100,3,5799
2486,1015,61,2,16999
2487,1015,17,1,68500
2488,1015,85,2,11527
2489,1015,58,2,40327
2490,1016,45,1,5999
2491,1017,13,3,79500
2492,1017,46,2,4499
2493,1018,48,1,16499
2494,1018,17,1,60060
2495,1018,55,2,21999
2496,1018,40,1,6499
2497,1019,21,2,50026
2498,1019,75,1,21653
2499,1020,31,1,7999
2500,1020,42,3,12499
2501,1021,11,2,89999
2502,1021,49,1,7299
2503,1021,28,2,20517
2504,1022,65,2,8999
2505,1022,58,3,44999
2506,1023,10,3,21999
2507,1023,22,3,38490
2508,1023,9,3,43999
2509,1023,59,3,15620
2510,1024,32,3,2499
2511,1024,4,1,33391
2512,1025,56,3,31499
2513,1025,23,3,34990
2514,1025,76,2,53795
2515,1026,22,2,38490
2516,1026,95,3,18999
2517,1027,75,1,24990
2518,1027,96,3,5019
2519,1027,8,2,24999
2520,1027,62,2,15499
2521,1028,51,2,89999
2522,1028,49,2,6542
2523,1028,16,2,31999
2524,1028,99,2,21499
2525,1029,8,1,23687
2526,1030,20,1,113816
2527,1030,86,2,2299
2528,1030,75,3,24990
2529,1030,63,1,12999
2530,1031,65,3,8999
2531,1031,98,1,14231
2532,1032,70,3,2800
2533,1032,24,3,18990
2534,1032,51,2,80435
2535,1032,99,2,21086
2536,1033,56,3,31499
2537,1033,16,3,31999
2538,1033,83,1,14414
2539,1033,86,1,2077
2540,1034,39,1,3588
2541,1034,74,3,30085
2542,1035,18,1,42999
2543,1035,28,3,21890
2544,1036,53,2,124999
2545,1037,61,1,15320
2546,1037,98,1,16599
2547,1037,90,2,5999
2548,1037,19,2,26500
2549,1038,92,1,7577
2550,1038,45,1,5999
2551,1039,41,1,15999
2552,1040,53,1,118790
2553,1040,72,2,129999
2554,1040,65,2,8999
2555,1040,91,1,12999
2556,1041,48,2,14567
2557,1041,16,2,31999
2558,1041,41,3,15999
2559,1041,96,1,5499
2560,1042,67,2,11999
2561,1042,27,2,12851
2562,1042,63,3,12999
2563,1043,32,1,2499
2564,1043,70,1,2999
2565,1043,43,3,18999
2566,1043,55,3,21999
2567,1044,4,1,36616
2568,1044,17,3,68500
2569,1045,79,1,44999
2570,1046,5,3,32999
2571,1046,23,3,34990
2572,1047,28,3,20274
2573,1047,16,2,31999
2574,1048,64,3,24999
2575,1048,82,3,8999
2576,1048,31,2,7999
2577,1049,86,3,2074
2578,1049,53,3,124999
2579,1049,78,1,19999
2580,1050,43,1,18999
2581,1051,63,1,12999
2582,1051,87,2,342
2583,1052,83,1,14999
2584,1053,14,3,46566
2585,1054,3,3,42999
2586,1054,4,2,33651
2587,1054,86,3,2299
2588,1054,64,3,24563
2589,1055,2,3,54999
2590,1055,15,1,18500
2591,1056,57,3,8999
2592,1056,8,3,23136
2593,1056,98,1,16599
2594,1056,41,2,15999
2595,1057,3,1,42999
2596,1057,83,1,14818
2597,1057,76,1,54990
2598,1058,83,2,14999
2599,1058,53,3,110888
2600,1058,11,1,89999
2601,1058,63,3,12999
2602,1059,12,2,54999
2603,1059,29,2,19890
2604,1059,36,3,5499
2605,1059,5,1,32999
2606,1060,65,3,8999
2607,1060,9,3,43999
2608,1060,71,3,139634
2609,1061,37,2,2799
2610,1062,20,3,102808
2611,1062,27,3,13953
2612,1062,3,3,42208
2613,1062,6,3,18999
2614,1063,8,2,24152
2615,1063,17,2,66877
2616,1063,46,3,4135
2617,1063,37,1,2799
2618,1064,88,2,9899
2619,1065,90,2,5999
2620,1066,84,1,1899
2621,1067,28,3,21890
2622,1068,80,1,99990
2623,1068,97,3,4299
2624,1069,19,3,25464
2625,1069,4,3,38999
2626,1070,41,1,15999
2627,1070,77,1,89990
2628,1070,38,2,12999
2629,1071,88,1,9899
2630,1071,55,1,21999
2631,1071,17,2,68500
2632,1072,15,3,18500
2633,1072,38,3,12848
2634,1073,81,1,7499
2635,1073,45,3,5999
2636,1074,80,1,97399
2637,1074,84,1,1825
2638,1075,95,3,18999
2639,1075,82,2,7823
2640,1076,56,1,31499
2641,1076,86,2,2198
2642,1076,44,3,8999
2643,1076,31,3,7999
2644,1077,56,1,31499
2645,1077,36,1,5499
2646,1078,46,2,4499
2647,1078,31,2,7944
2648,1078,4,1,38999
2649,1078,73,2,189990
2650,1079,83,2,13419
2651,1079,79,3,44999
2652,1080,51,3,89999
2653,1081,55,2,21999
2654,1081,81,1,7499
2655,1082,45,3,5999
2656,1082,52,3,62509
2657,1082,78,1,19999
2658,1082,57,1,8281
2659,1083,18,3,42999
2660,1083,43,3,18999
2661,1084,72,3,129999
2662,1084,93,3,9999
2663,1085,75,1,24990
2664,1086,20,3,119999
2665,1087,76,3,54990
2666,1087,94,2,7071
2667,1087,5,2,32999
2668,1088,49,3,7299
2669,1089,33,3,4999
2670,1089,59,1,15999
2671,1089,31,1,7999
2672,1089,3,2,42999
2673,1090,84,1,1744
2674,1090,48,1,16499
2675,1090,99,2,21499
2676,1090,85,3,12499
2677,1091,31,1,7999
2678,1091,84,2,1899
2679,1091,87,3,347
2680,1092,19,2,26500
2681,1092,48,1,14857
2682,1092,39,2,3349
2683,1092,11,1,89999
2684,1093,23,2,32723
2685,1093,60,2,27499
2686,1093,90,1,5999
2687,1094,4,1,37948
2688,1094,36,1,5499
2689,1094,95,3,18999
2690,1094,73,3,189990
2691,1095,62,1,15499
2692,1095,13,2,79500
2693,1096,19,3,22678
2694,1096,97,2,4299
2695,1097,7,2,28313
2696,1097,26,1,11490
2697,1097,23,3,34990
2698,1098,31,2,7999
2699,1098,83,2,14999
2700,1099,27,1,14990
2701,1100,29,3,19890
2702,1100,18,1,42999
2703,1100,100,3,5799
2704,1100,9,2,43999
2705,1101,90,1,5999
2706,1102,77,2,89990
2707,1102,66,2,6499
2708,1103,62,2,15499
2709,1103,35,3,3238
2710,1104,64,1,24499
2711,1105,22,3,38490
2712,1105,85,1,12499
2713,1105,32,2,2499
2714,1105,74,1,34999
2715,1106,100,1,5799
2716,1106,7,3,27738
2717,1106,54,2,12499
2718,1106,5,1,30080
2719,1107,19,3,26500
2720,1107,11,3,89999
2721,1107,22,3,36736
2722,1107,18,1,42999
2723,1108,23,1,34589
2724,1108,86,1,2207
2725,1108,92,2,8799
2726,1109,7,2,28999
2727,1109,25,3,16490
2728,1109,83,3,14537
2729,1110,25,3,14183
2730,1110,77,1,89990
2731,1110,43,1,18999
2732,1110,49,2,7299
2733,1111,92,1,8799
2734,1112,53,3,116017
2735,1112,95,3,18153
2736,1112,21,3,52990
2737,1113,29,1,19890
2738,1113,96,3,5499
2739,1113,72,1,129999
2740,1113,19,3,26500
2741,1114,81,3,7499
2742,1114,47,1,5818
2743,1114,50,2,11799
2744,1115,8,2,21624
2745,1115,36,1,5499
2746,1116,75,3,24990
2747,1116,60,1,24051
2748,1116,40,1,5959
2749,1116,48,2,16499
2750,1117,93,1,9999
2751,1117,51,2,89999
2752,1117,2,2,54999
2753,1117,38,3,12999
2754,1118,57,3,8999
2755,1118,47,1,6799
2756,1118,12,3,54999
2757,1119,24,1,18990
2758,1119,41,3,15999
2759,1119,7,2,28999
2760,1119,72,2,128335
2761,1120,74,3,30397
2762,1120,76,3,54990
2763,1121,14,1,52000
2764,1121,21,3,45280
2765,1121,51,3,89999
2766,1121,39,2,3899
2767,1122,83,2,14999
2768,1122,67,2,11999
2769,1122,95,3,18999
2770,1123,44,1,8999
2771,1123,9,1,43999
2772,1123,21,3,52990
2773,1124,5,2,32999
2774,1124,48,1,16499
2775,1124,76,2,54990
2776,1124,77,2,89990
2777,1125,36,3,5499
2778,1126,51,3,89999
2779,1126,57,3,8999
2780,1126,30,2,9990
2781,1127,94,2,7499
2782,1127,34,2,8499
2783,1128,74,3,31383
2784,1128,96,1,5499
2785,1129,64,3,24999
2786,1130,30,2,9990
2787,1131,28,1,21890
2788,1131,1,3,45498
2789,1131,8,3,24999
2790,1131,69,3,3999
2791,1132,41,1,15999
2792,1133,95,3,18999
2793,1133,32,2,2499
2794,1133,46,3,4499
2795,1134,40,2,6121
2796,1134,76,3,51816
2797,1134,80,1,99990
2798,1134,67,2,11999
2799,1135,91,1,12999
2800,1135,49,3,7299
2801,1135,7,3,28999
2802,1136,62,1,15499
2803,1136,93,2,9999
2804,1137,61,3,16999
2805,1137,79,1,44691
2806,1137,78,1,19999
2807,1138,98,2,16314
2808,1138,13,1,79500
2809,1139,53,1,124999
2810,1139,69,2,3999
2811,1139,98,2,16599
2812,1140,11,2,89999
2813,1140,32,1,2499
2814,1140,56,3,31499
2815,1141,10,3,21999
2816,1141,26,2,11490
2817,1141,90,2,5999
2818,1142,68,3,4499
2819,1142,54,2,12499
2820,1143,33,3,4999
2821,1143,23,3,34990
2822,1143,67,2,11999
2823,1144,63,2,12999
2824,1144,71,3,149990
2825,1145,38,1,11660
2826,1145,18,3,42999
2827,1145,60,1,25379
2828,1145,35,1,3299
2829,1146,65,3,8999
2830,1146,52,3,67122
2831,1146,69,1,3999
2832,1147,45,2,5999
2833,1147,23,3,33331
2834,1147,8,2,24999
2835,1148,1,1,46768
2836,1148,50,1,11799
2837,1149,64,1,22136
2838,1149,40,3,6294
2839,1149,16,3,31999
2840,1150,26,2,11490
2841,1150,19,1,24509
2842,1150,49,1,7271
2843,1150,73,3,189990
2844,1151,1,1,49999
2845,1151,24,1,18990
2846,1151,42,3,10937
2847,1151,54,3,12499
2848,1152,65,2,8606
2849,1153,12,3,51334
2850,1154,59,1,15999
2851,1154,32,3,2276
2852,1154,40,1,6499
2853,1154,34,2,8499
2854,1155,91,3,12654
2855,1156,85,2,12499
2856,1157,86,2,2299
2857,1158,41,3,15999
2858,1159,59,1,15999
2859,1159,7,2,28999
2860,1159,97,2,4201
2861,1160,27,2,14990
2862,1160,11,1,89999
2863,1160,74,2,33556
2864,1160,85,2,12404
2865,1161,89,1,3499
2866,1161,53,2,113158
2867,1162,93,2,9999
2868,1162,58,2,44999
2869,1163,82,3,7814
2870,1163,77,2,89990
2871,1163,5,3,30140
2872,1164,54,2,12499
2873,1165,67,2,11999
2874,1165,68,3,4499
2875,1165,100,1,5799
2876,1165,58,3,44999
2877,1166,14,3,48394
2878,1166,69,1,3999
2879,1166,34,2,7737
2880,1167,82,3,7967
2881,1168,50,3,11799
2882,1168,87,2,349
2883,1168,54,1,12499
2884,1168,71,3,149990
2885,1169,7,1,28999
2886,1170,56,3,31499
2887,1170,11,2,89999
2888,1171,43,2,18999
2889,1171,7,3,28999
2890,1172,65,1,8947
2891,1172,64,1,24999
2892,1173,11,1,89999
2893,1173,87,3,349
2894,1173,80,2,99990
2895,1174,14,3,52000
2896,1174,78,3,19999
2897,1174,88,2,9899
2898,1175,14,1,52000
2899,1175,34,3,7942
2900,1175,72,2,129999
2901,1175,39,3,3899
2902,1176,55,2,21999
2903,1176,45,1,5661
2904,1176,98,1,15026
2905,1176,29,1,19890
2906,1177,59,3,14192
2907,1178,97,2,4299
2908,1178,28,3,21890
2909,1178,55,3,19038
2910,1179,34,2,8372
2911,1179,8,3,24999
2912,1180,52,3,67999
2913,1180,73,3,162573
2914,1181,21,2,52990
2915,1182,36,2,5013
2916,1182,85,3,12499
2917,1182,46,1,4017
2918,1182,52,1,67999
2919,1183,9,1,43999
2920,1183,63,1,12999
2921,1183,53,2,124999
2922,1183,76,2,51149
2923,1184,60,2,27499
2924,1184,24,2,18990
2925,1184,13,2,79500
2926,1184,40,3,6499
2927,1185,7,2,28671
2928,1185,10,2,21999
2929,1186,75,1,24990
2930,1186,16,1,31531
2931,1186,73,1,184804
2932,1186,5,3,32999
2933,1187,36,2,5499
2934,1187,31,1,7304
2935,1187,32,3,2499
2936,1188,28,1,18921
2937,1188,1,1,49999
2938,1189,25,3,16490
2939,1189,17,1,68500
2940,1189,93,2,9999
2941,1190,40,1,6499
2942,1190,93,1,9999
2943,1190,48,3,16499
2944,1191,1,3,49999
2945,1191,87,3,349
2946,1191,8,2,24999
2947,1192,37,3,2799
2948,1192,44,3,7974
2949,1192,70,2,2999
2950,1193,7,1,26439
2951,1193,23,2,34990
2952,1193,94,1,7499
2953,1193,12,3,50423
2954,1194,45,3,5310
2955,1194,58,3,44999
2956,1194,53,1,124062
2957,1195,84,2,1899
2958,1196,9,2,43999
2959,1196,55,1,21999
2960,1196,34,1,8499
2961,1196,43,1,17134
2962,1197,19,3,26500
2963,1197,78,3,19912
2964,1198,32,1,2499
2965,1198,2,3,54999
2966,1198,44,1,8999
2967,1198,86,2,2299
2968,1199,30,3,9990
2969,1200,65,3,8316
2970,1200,81,3,7499
2971,1200,33,2,4999
2972,1201,82,1,8698
2973,1201,18,3,42999
2974,1201,96,2,5499
2975,1202,33,1,4985
2976,1202,55,3,21999
2977,1203,12,2,54999
2978,1203,32,2,2499
2979,1203,86,2,2299
2980,1203,14,1,52000
2981,1204,98,3,16599
2982,1204,48,2,16499
2983,1204,69,2,3892
2984,1205,3,1,37945
2985,1205,26,3,11490
2986,1205,86,2,2299
2987,1206,31,1,7586
2988,1207,51,3,89999
2989,1207,76,2,54990
2990,1208,85,2,12499
2991,1208,95,2,18999
2992,1209,5,2,32999
2993,1209,1,2,42891
2994,1209,71,3,149990
2995,1209,25,2,16490
2996,1210,56,2,31499
2997,1210,94,3,7499
2998,1210,17,2,68500
2999,1211,18,2,42999
3000,1212,45,3,5999
3001,1212,31,3,7999
3002,1213,55,3,21999
3003,1213,41,1,15999
3004,1214,51,2,88624
3005,1214,35,3,3299
3006,1214,57,2,8374
3007,1215,97,1,3861
3008,1215,71,2,132728
3009,1215,76,1,54168
3010,1216,6,2,16915
3011,1216,97,3,4299
3012,1216,74,1,34999
3013,1216,21,3,52990
3014,1217,44,3,8999
3015,1217,60,3,26878
3016,1217,21,1,46460
3017,1218,18,1,42999
3018,1218,10,3,21999
3019,1218,82,2,8999
3020,1218,44,3,8999
3021,1219,58,1,44999
3022,1220,58,1,42393
3023,1220,95,1,16958
3024,1221,8,1,24999
3025,1221,13,3,79500
3026,1222,15,3,18500
3027,1222,7,2,24911
3028,1223,39,2,3763
3029,1223,81,3,7499
3030,1223,17,3,60682
3031,1224,57,1,8999
3032,1224,86,3,2030
3033,1224,81,3,6612
3034,1225,21,2,52990
3035,1225,20,1,119999
3036,1225,28,1,21890
3037,1226,10,1,20856
3038,1226,58,1,44999
3039,1226,91,2,12999
3040,1226,84,2,1899
3041,1227,78,3,19999
3042,1228,12,2,54999
3043,1228,40,2,6499
3044,1228,75,3,24990
3045,1228,43,3,18999
3046,1229,17,2,68500
3047,1230,34,1,8499
3048,1230,90,3,5877
3049,1231,28,2,21890
3050,1231,96,2,4815
3051,1232,32,1,2470
3052,1232,65,3,8999
3053,1233,82,2,8999
3054,1233,43,1,18999
3055,1234,42,2,11116
3056,1235,70,3,2999
3057,1235,80,1,99990
3058,1236,29,1,19890
3059,1236,77,1,89990
3060,1236,22,2,38490
3061,1237,7,3,25346
3062,1238,98,2,16599
3063,1238,44,2,8999
3064,1238,25,1,14427
3065,1239,95,1,18999
3066,1240,82,3,8999
3067,1241,10,1,21999
3068,1241,75,1,24990
3069,1241,7,2,28999
3070,1241,27,3,14990
3071,1242,72,2,129999
3072,1242,75,1,24990
3073,1242,8,3,24999
3074,1242,87,3,349
3075,1243,89,2,3360
3076,1243,9,2,43999
3077,1243,76,1,47361
3078,1243,94,3,7499
3079,1244,98,1,16599
3080,1245,30,2,9990
3081,1245,96,1,5499
3082,1245,5,2,32999
3083,1245,75,2,24990
3084,1246,95,1,17305
3085,1247,37,2,2656
3086,1247,58,1,44999
3087,1247,17,1,59165
3088,1248,48,2,16499
3089,1248,88,2,9899
3090,1249,86,1,2113
3091,1249,11,1,89999
3092,1249,66,1,6499
3093,1250,71,3,149990
3094,1251,95,1,16353
3095,1252,65,3,8281
3096,1252,62,1,15499
3097,1253,91,3,12999
3098,1253,89,3,3499
3099,1253,16,1,27392
3100,1253,7,1,28999
3101,1254,53,2,124999
3102,1254,63,3,11238
3103,1254,10,3,21991
3104,1255,28,1,21890
3105,1255,34,2,8499
3106,1256,42,1,12499
3107,1257,83,1,14999
3108,1257,10,3,21999
3109,1257,75,2,23856
3110,1258,41,1,15999
3111,1259,59,2,15999
3112,1259,37,2,2799
3113,1260,15,1,18500
3114,1260,98,3,15671
3115,1260,91,1,12999
3116,1261,19,1,26500
3117,1262,56,2,31499
3118,1263,65,3,8999
3119,1264,86,2,2299
3120,1265,84,2,1899
3121,1265,68,2,4080
3122,1265,60,2,23773
3123,1265,33,3,4999
3124,1266,86,1,2299
3125,1267,46,2,4499
3126,1267,20,3,119999
3127,1268,84,2,1635
3128,1269,68,1,4499
3129,1270,70,3,2577
3130,1270,57,1,8999
3131,1270,93,3,8838
3132,1271,96,1,5499
3133,1271,84,3,1759
3134,1272,92,1,8799
3135,1272,69,1,3919
3136,1273,7,2,28999
3137,1273,68,1,4499
3138,1273,38,2,12999
3139,1274,79,3,41808
3140,1275,50,2,11799
3141,1275,19,1,26500
3142,1275,49,3,7299
3143,1276,95,3,18959
3144,1276,49,3,7121
3145,1277,99,2,21499
3146,1277,72,2,129999
3147,1278,96,2,5499
3148,1278,46,2,4499
3149,1279,79,1,44999
3150,1280,89,2,3499
3151,1280,46,1,4499
3152,1280,84,1,1899
3153,1281,92,3,8799
3154,1281,72,2,114529
3155,1281,88,3,9899
3156,1281,97,1,4299
3157,1282,14,1,48605
3158,1283,48,2,16499
3159,1283,78,2,19999
3160,1284,59,2,15597
3161,1284,75,2,21391
3162,1285,47,1,6720
3163,1285,15,3,18500
3164,1286,45,2,5691
3165,1287,76,3,54990
3166,1288,68,2,4499
3167,1289,50,2,11799
3168,1289,32,1,2499
3169,1289,60,1,27499
3170,1289,67,3,10258
3171,1290,52,2,67999
3172,1291,74,1,34999
3173,1291,93,3,9999
3174,1292,90,1,5999
3175,1293,37,3,2799
3176,1293,7,1,28999
3177,1294,46,1,4499
3178,1295,82,2,8091
3179,1295,42,2,12499
3180,1295,83,1,14999
3181,1295,4,2,38684
3182,1296,2,2,51298
3183,1296,95,1,18455
3184,1297,81,2,7499
3185,1297,86,1,2267
3186,1297,5,1,31220
3187,1298,5,2,32999
3188,1298,37,1,2799
3189,1299,60,3,24883
3190,1299,8,3,23127
3191,1299,37,3,2799
3192,1300,62,1,15499
3193,1300,23,3,34990
3194,1300,90,3,5999
3195,1301,39,2,3899
3196,1302,43,3,18999
3197,1302,18,1,36717
3198,1303,23,1,34990
3199,1303,77,2,78472
3200,1304,42,3,11165
3201,1304,47,3,6799
3202,1304,51,3,89400
3203,1304,22,3,38490
3204,1305,75,2,21383
3205,1305,79,3,44999
3206,1305,59,2,14602
3207,1305,88,1,9802
3208,1306,68,2,4499
3209,1306,21,2,52990
3210,1306,50,1,11799
3211,1306,92,1,7520
3212,1307,87,2,349
3213,1308,36,3,5499
3214,1308,58,3,44695
3215,1309,95,2,18999
3216,1309,87,3,349
3217,1309,79,2,44999
3218,1310,42,1,11486
3219,1310,97,2,4299
3220,1310,69,1,3999
3221,1311,28,2,21890
3222,1311,65,2,8999
3223,1311,8,2,24999
3224,1312,39,1,3899
3225,1312,81,2,6777
3226,1312,64,2,24999
3227,1312,23,1,34990
3228,1313,23,1,30541
3229,1313,42,1,12499
3230,1314,32,3,2376
3231,1314,83,1,14999
3232,1314,62,1,15499
3233,1315,11,2,89999
3234,1316,63,1,12999
3235,1317,100,1,5799
3236,1317,99,3,21499
3237,1318,32,2,2499
3238,1318,23,1,34990
3239,1318,68,2,4499
3240,1318,5,1,29274
3241,1319,13,1,79500
3242,1320,40,1,6392
3243,1320,72,1,129999
3244,1320,13,3,71989
3245,1321,39,3,3899
3246,1321,99,3,21499
3247,1321,100,3,5799
3248,1321,44,1,8999
3249,1322,91,3,11620
3250,1322,9,2,41726
3251,1323,54,3,12499
3252,1323,100,2,5216
3253,1323,64,3,24999
3254,1323,89,3,3499
3255,1324,79,1,44999
3256,1324,74,3,31476
3257,1324,25,2,16490
3258,1325,48,1,16499
3259,1325,53,3,124999
3260,1325,58,1,44999
3261,1326,7,1,25063
3262,1327,38,3,12999
3263,1327,100,2,5799
3264,1327,93,1,8838
3265,1328,59,1,15999
3266,1328,48,1,16499
3267,1329,92,3,8799
3268,1329,7,2,28999
3269,1329,23,1,34990
3270,1330,18,1,42999
3271,1330,51,1,89999
3272,1330,74,1,34999
3273,1331,49,3,7299
3274,1331,45,2,5999
3275,1331,43,3,18999
3276,1331,57,2,8461
3277,1332,22,1,38490
3278,1333,70,2,2656
3279,1333,5,1,29233
3280,1333,30,2,9990
3281,1333,80,2,95514
3282,1334,66,2,6208
3283,1334,49,1,7299
3284,1335,40,2,6499
3285,1336,95,3,17980
3286,1336,74,1,34999
3287,1337,6,2,17470
3288,1337,72,3,115246
3289,1338,57,1,8254
3290,1338,49,3,6787
3291,1338,21,2,51400
3292,1338,27,2,14990
3293,1339,73,1,189990
3294,1340,59,3,15999
3295,1340,7,2,28999
3296,1340,64,1,24999
3297,1341,23,2,34990
3298,1341,17,1,61398
3299,1341,21,3,52990
3300,1341,58,3,44999
3301,1342,20,2,119999
3302,1342,39,2,3899
3303,1342,61,1,16999
3304,1342,17,2,67956
3305,1343,1,3,49999
3306,1343,17,3,68500
3307,1344,15,1,18500
3308,1345,85,2,12499
3309,1345,83,1,14798
3310,1345,25,3,16490
3311,1346,39,1,3899
3312,1346,95,1,18999
3313,1346,73,2,183425
3314,1347,81,3,7499
3315,1348,24,1,18990
3316,1348,92,3,8772
3317,1349,63,1,12999
3318,1349,40,1,6499
3319,1350,68,1,4499
3320,1350,33,3,4999
3321,1350,29,3,17111
3322,1351,42,3,12499
3323,1351,49,1,7299
3324,1351,64,1,24999
3325,1352,85,3,10655
3326,1353,51,3,89999
3327,1354,97,3,4001
3328,1355,80,2,99990
3329,1356,53,2,124999
3330,1356,16,1,31999
3331,1357,7,2,28999
3332,1357,61,2,16999
3333,1357,63,3,12999
3334,1358,63,2,12999
3335,1358,4,2,34409
3336,1358,27,2,14990
3337,1358,61,3,16999
3338,1359,49,3,6659
3339,1359,25,2,16490
3340,1359,32,2,2256
3341,1359,22,2,38490
3342,1360,70,1,2999
3343,1361,37,2,2799
3344,1361,45,3,5999
3345,1361,32,3,2499
3346,1361,19,2,26500
3347,1362,99,1,21499
3348,1363,54,3,12485
3349,1363,68,2,4499
3350,1364,41,3,15999
3351,1364,46,1,4499
3352,1365,84,2,1899
3353,1365,56,2,31499
3354,1365,97,1,3719
3355,1366,58,1,44999
3356,1366,72,3,129999
3357,1367,89,1,3499
3358,1368,11,3,89999
3359,1368,35,1,2977
3360,1368,76,3,54411
3361,1368,59,3,15999
3362,1369,50,2,11799
3363,1369,12,2,54999
3364,1369,37,1,2799
3365,1369,42,3,12499
3366,1370,80,2,99990
3367,1370,13,2,79500
3368,1370,54,3,12499
3369,1371,55,3,21611
3370,1371,66,3,5847
3371,1372,96,1,5499
3372,1372,52,2,67999
3373,1372,3,2,42999
3374,1372,36,1,5499
3375,1373,34,3,8499
3376,1374,23,3,34990
3377,1374,91,2,12999
3378,1374,97,3,4299
3379,1374,96,2,5499
3380,1375,48,1,16499
3381,1375,20,1,119999
3382,1375,10,1,21999
3383,1375,96,3,5499
3384,1376,54,1,11908
3385,1376,72,2,129999
3386,1376,34,3,7740
3387,1377,99,3,21499
3388,1378,57,2,8999
3389,1378,86,2,2299
3390,1378,58,3,44999
3391,1379,50,1,11799
3392,1380,15,1,18500
3393,1380,100,2,5799
3394,1380,10,1,21999
3395,1380,40,2,5755
3396,1381,17,1,68500
3397,1381,80,2,99990
3398,1381,87,2,349
3399,1381,67,1,11999
3400,1382,92,3,8799
3401,1383,58,2,44999
3402,1383,41,1,14878
3403,1383,63,3,11423
3404,1384,11,3,89999
3405,1384,65,2,8999
3406,1384,19,3,26500
3407,1384,59,3,15346
3408,1385,71,1,149990
3409,1385,72,3,129999
3410,1385,28,3,20527
3411,1385,70,2,2999
3412,1386,60,3,27499
3413,1387,54,1,12499
3414,1388,100,1,4986
3415,1388,20,2,119999
3416,1388,36,2,5499
3417,1388,37,3,2799
3418,1389,32,3,2197
3419,1389,37,1,2799
3420,1389,85,2,12499
3421,1390,4,1,35423
3422,1390,24,1,18990
3423,1390,41,3,13808
3424,1391,32,3,2499
3425,1391,66,2,6421
3426,1391,35,2,3299
3427,1391,2,3,50783
3428,1392,94,2,7499
3429,1392,51,3,89999
3430,1392,82,1,8630
3431,1392,45,2,5999
3432,1393,37,3,2799
3433,1393,51,2,89999
3434,1393,36,3,5499
3435,1393,24,3,18990
3436,1394,86,3,2299
3437,1394,85,3,12499
3438,1394,57,1,8999
3439,1395,85,3,12499
3440,1395,91,2,12999
3441,1396,12,2,54999
3442,1396,28,1,21890
3443,1397,9,2,43999
3444,1398,88,2,9899
3445,1398,10,1,21999
3446,1399,60,3,27499
3447,1399,63,2,12999
3448,1400,49,3,7299
3449,1401,54,3,12499
3450,1401,71,1,149990
3451,1401,22,3,33812
3452,1401,93,3,9999
3453,1402,10,1,21999
3454,1402,16,1,31999
3455,1402,73,1,189990
3456,1402,41,3,15999
3457,1403,88,1,9899
3458,1403,31,2,7890
3459,1403,49,2,7299
3460,1404,54,3,12499
3461,1405,73,2,189990
3462,1405,30,3,8659
3463,1405,44,2,8999
3464,1405,8,3,24999
3465,1406,4,2,38999
3466,1406,37,1,2799
3467,1406,30,2,8953
3468,1406,86,2,2299
3469,1407,65,3,8999
3470,1407,12,1,54999
3471,1408,75,2,24095
3472,1409,64,2,24999
3473,1409,94,3,7499
3474,1409,51,1,89999
3475,1410,61,2,16013
3476,1411,64,2,22332
3477,1411,45,3,5999
3478,1412,87,1,349
3479,1412,60,1,27499
3480,1413,2,2,54999
3481,1414,43,2,18782
3482,1414,32,2,2499
3483,1414,9,3,41633
3484,1414,84,2,1899
3485,1415,90,1,5999
3486,1415,41,3,15999
3487,1415,99,2,19994
3488,1415,4,2,38999
3489,1416,72,3,129999
3490,1416,17,1,63636
3491,1416,4,1,38999
3492,1417,38,3,12999
3493,1417,71,2,149990
3494,1417,28,1,21890
3495,1417,89,2,3308
3496,1418,70,3,2999
3497,1418,54,2,12499
3498,1418,28,1,20492
3499,1418,58,1,44999
3500,1419,65,3,8999
3501,1419,96,2,5499
3502,1419,46,3,4499
3503,1420,64,3,23663
3504,1420,13,2,79500
3505,1421,49,3,7299
3506,1421,9,2,43999
3507,1422,34,1,7918
3508,1422,4,1,36935
3509,1423,3,1,36750
3510,1423,39,2,3396
3511,1423,45,3,5999
3512,1424,1,3,49999
3513,1425,91,3,12999
3514,1425,68,2,4180
3515,1426,8,1,23799
3516,1426,63,2,12999
3517,1426,65,2,8999
3518,1427,79,1,44999
3519,1427,34,3,8499
3520,1427,64,3,24999
3521,1428,12,3,54999
3522,1428,83,3,14999
3523,1429,98,1,16599
3524,1430,99,3,21499
3525,1430,85,3,12499
3526,1431,3,1,42999
3527,1431,75,3,24990
3528,1431,85,3,12499
3529,1432,94,3,7499
3530,1432,5,1,32999
3531,1433,75,1,24990
3532,1433,54,2,12157
3533,1433,90,2,5999
3534,1434,68,3,4499
3535,1434,80,1,99990
3536,1434,36,3,5499
3537,1435,18,1,42999
3538,1435,87,1,349
3539,1436,94,1,7499
3540,1436,69,2,3435
3541,1436,61,1,16999
3542,1437,99,1,20723
3543,1438,64,1,24999
3544,1438,14,1,45452
3545,1439,33,3,4999
3546,1439,93,1,9999
3547,1439,89,1,3430
3548,1439,67,2,10680
3549,1440,84,3,1899
3550,1440,38,1,11319
3551,1440,85,3,12088
3552,1441,3,2,42999
3553,1441,59,1,15999
3554,1441,2,1,54999
3555,1441,8,2,24999
3556,1442,41,2,15999
3557,1443,62,2,15499
3558,1443,88,1,9899
3559,1443,73,1,189990
3560,1444,100,2,5799
3561,1444,76,3,54990
3562,1444,7,3,28999
3563,1444,54,2,12499
3564,1445,58,1,44999
3565,1445,17,1,68500
3566,1445,93,3,9858
3567,1446,10,3,21999
3568,1447,79,2,44999
3569,1447,48,1,16499
3570,1448,84,2,1899
3571,1448,11,2,89999
3572,1448,31,2,7999
3573,1448,72,1,129999
3574,1449,58,1,42514
3575,1449,61,3,16999
3576,1449,74,1,34999
3577,1449,94,2,7499
3578,1450,36,3,5499
3579,1450,44,2,8030
3580,1451,38,2,12999
3581,1451,54,3,12353
3582,1452,40,1,6408
3583,1453,34,1,8499
3584,1454,46,1,4499
3585,1454,87,1,349
3586,1455,80,3,90374
3587,1455,82,1,8999
3588,1455,64,3,22378
3589,1455,30,1,9990
3590,1456,48,2,16499
3591,1457,81,3,7499
3592,1457,67,1,11644
3593,1457,21,2,52990
3594,1457,12,3,54999
3595,1458,93,2,9999
3596,1458,35,2,3299
3597,1459,57,2,8999
3598,1459,65,3,8999
3599,1459,43,1,18999
3600,1459,4,3,38999
3601,1460,3,1,42999
3602,1460,100,1,5613
3603,1460,17,2,62703
3604,1460,84,2,1899
3605,1461,1,3,49999
3606,1462,41,1,15999
3607,1462,52,1,67999
3608,1463,90,2,5162
3609,1464,25,1,14225
3610,1464,4,3,38999
3611,1464,50,2,11799
3612,1464,28,3,21890
3613,1465,12,1,54999
3614,1465,10,2,21999
3615,1466,82,1,8999
3616,1467,22,3,38490
3617,1467,29,2,19890
3618,1468,35,2,3299
3619,1468,45,2,5999
3620,1469,42,1,12499
3621,1469,21,3,52990
3622,1469,15,1,18500
3623,1470,12,1,54999
3624,1470,57,1,8999
3625,1471,79,1,40461
3626,1471,78,3,18788
3627,1471,31,1,7999
3628,1472,49,2,6604
3629,1472,37,1,2799
3630,1472,16,2,31999
3631,1472,91,3,12999
3632,1473,80,3,99990
3633,1473,21,1,52990
3634,1473,13,3,79500
3635,1473,74,1,34329
3636,1474,34,1,8499
3637,1474,12,2,54999
3638,1474,28,2,21890
3639,1474,15,2,18500
3640,1475,40,2,6499
3641,1475,89,3,3499
3642,1476,10,2,21999
3643,1476,35,3,3152
3644,1476,33,3,4999
3645,1476,98,3,16599
3646,1477,79,3,44999
3647,1478,49,3,7299
3648,1478,29,3,19260
3649,1478,52,2,67999
3650,1479,9,3,43999
3651,1480,98,3,16599
3652,1480,16,3,31999
3653,1480,30,1,9575
3654,1481,38,2,12805
3655,1481,29,1,19890
3656,1481,92,2,8799
3657,1482,33,3,4999
3658,1482,93,1,9999
3659,1482,72,2,119359
3660,1482,76,1,54990
3661,1483,74,1,34999
3662,1483,77,1,88067
3663,1483,29,3,19890
3664,1484,53,3,124999
3665,1484,31,1,7999
3666,1484,70,2,2999
3667,1485,98,1,16599
3668,1486,51,3,89999
3669,1486,98,1,16599
3670,1486,79,1,41957
3671,1487,64,2,24999
3672,1487,11,1,89999
3673,1487,87,2,349
3674,1488,94,2,7499
3675,1488,92,2,8799
3676,1488,88,2,9899
3677,1489,84,1,1899
3678,1489,57,2,8999
3679,1490,70,1,2999
3680,1490,91,2,12999
3681,1491,54,1,12499
3682,1491,5,1,32999
3683,1492,82,1,8999
3684,1492,33,1,4999
3685,1492,32,2,2409
3686,1493,21,3,52990
3687,1493,27,3,14990
3688,1493,8,2,24999
3689,1493,79,3,44999
3690,1494,26,2,10729
3691,1494,58,1,44999
3692,1494,81,3,7499
3693,1495,83,2,13515
3694,1496,64,2,21679
3695,1497,97,3,4299
3696,1498,53,2,124999
3697,1498,79,2,44484
3698,1499,74,2,34999
3699,1500,76,1,54990
3700,1500,47,2,6331
3701,1500,94,3,7499
3702,1500,59,2,15999
3703,1501,80,2,99990
3704,1502,76,3,54990
3705,1502,32,2,2499
3706,1503,8,3,22752
3707,1503,21,2,52623
3708,1503,17,3,66089
