id,customer_id,order_date,status
1,408,2024-06-20T00:41:30.907Z,Доставлено
2,368,2024-06-20T06:43:15.179Z,Повернено
3,479,2024-06-22T15:52:06.627Z,Повернено
4,114,2024-06-22T19:27:46.845Z,Доставлено
5,350,2024-06-24T13:15:25.068Z,Доставлено
6,215,2024-06-24T14:15:24.829Z,Доставлено
7,457,2024-06-24T15:20:35.908Z,Скасовано
8,50,2024-06-25T03:43:36.874Z,Доставлено
9,309,2024-06-26T17:56:39.350Z,Доставлено
10,382,2024-06-26T21:01:27.367Z,Доставлено
11,260,2024-06-27T03:21:20.880Z,Повернено
12,262,2024-06-27T08:58:34.630Z,Доставлено
13,177,2024-06-27T16:41:33.177Z,Доставлено
14,96,2024-06-27T20:14:01.770Z,Доставлено
15,431,2024-06-28T03:37:19.487Z,Доставлено
16,212,2024-06-28T08:06:14.150Z,Повернено
17,416,2024-06-29T04:09:26.731Z,Скасовано
18,332,2024-06-29T08:05:48.734Z,Доставлено
19,50,2024-07-02T09:30:57.050Z,Повернено
20,247,2024-07-02T16:33:11.910Z,Доставлено
21,416,2024-07-02T20:02:05.246Z,Доставлено
22,341,2024-07-03T22:34:18.032Z,Доставлено
23,248,2024-07-05T00:21:01.563Z,Доставлено
24,346,2024-07-05T03:13:48.155Z,Доставлено
25,260,2024-07-05T14:09:00.262Z,Доставлено
26,473,2024-07-06T01:45:51.866Z,Доставлено
27,309,2024-07-06T03:26:49.793Z,Скасовано
28,264,2024-07-06T06:06:35.847Z,Доставлено
29,290,2024-07-06T10:52:37.025Z,Повернено
30,383,2024-07-06T19:56:56.647Z,Доставлено
31,353,2024-07-07T07:30:02.707Z,Доставлено
32,128,2024-07-08T00:57:56.906Z,Доставлено
33,2,2024-07-08T02:30:48.203Z,Доставлено
34,245,2024-07-08T15:04:30.236Z,Доставлено
35,303,2024-07-10T05:27:44.372Z,Скасовано
36,61,2024-07-10T14:22:10.835Z,Повернено
37,448,2024-07-10T15:50:55.200Z,Доставлено
38,279,2024-07-11T01:15:01.511Z,Доставлено
39,415,2024-07-11T14:44:53.591Z,Доставлено
40,406,2024-07-11T15:54:38.296Z,Доставлено
41,481,2024-07-11T21:33:14.467Z,Доставлено
42,99,2024-07-12T07:41:36.623Z,Доставлено
43,165,2024-07-12T11:38:04.871Z,Скасовано
44,131,2024-07-12T13:24:58.176Z,Доставлено
45,195,2024-07-12T18:51:55.270Z,Скасовано
46,28,2024-07-13T15:43:24.076Z,Доставлено
47,197,2024-07-13T17:34:25.108Z,Доставлено
48,52,2024-07-15T10:41:22.889Z,Доставлено
49,196,2024-07-15T15:11:59.278Z,Повернено
50,344,2024-07-16T04:04:03.568Z,Доставлено
51,129,2024-07-16T10:35:12.435Z,Доставлено
52,397,2024-07-16T15:21:45.686Z,Доставлено
53,311,2024-07-17T11:01:55.682Z,Повернено
54,290,2024-07-18T00:08:59.615Z,Доставлено
55,41,2024-07-18T16:05:47.709Z,Доставлено
56,470,2024-07-18T16:52:16.739Z,Доставлено
57,469,2024-07-20T00:22:58.929Z,Доставлено
58,181,2024-07-20T04:03:38.752Z,Доставлено
59,231,2024-07-20T17:53:55.989Z,Доставлено
60,150,2024-07-21T02:29:40.842Z,Доставлено
61,298,2024-07-21T14:36:30.621Z,Доставлено
62,232,2024-07-22T17:58:46.362Z,Доставлено
63,347,2024-07-23T03:51:53.272Z,Скасовано
64,46,2024-07-23T07:48:55.852Z,Скасовано
65,357,2024-07-23T14:54:34.796Z,Доставлено
66,312,2024-07-24T18:57:43.993Z,Доставлено
67,473,2024-07-26T01:43:23.923Z,Доставлено
68,470,2024-07-26T09:10:21.371Z,Доставлено
69,139,2024-07-26T12:01:08.672Z,Доставлено
70,185,2024-07-26T15:29:19.114Z,Доставлено
71,457,2024-07-26T21:28:56.687Z,Скасовано
72,411,2024-07-26T21:36:25.647Z,Доставлено
73,420,2024-07-26T21:47:49.982Z,Доставлено
74,79,2024-07-27T09:47:49.866Z,Повернено
75,87,2024-07-27T11:30:41.310Z,Доставлено
76,459,2024-07-29T08:01:40.031Z,Доставлено
77,127,2024-07-31T01:29:06.737Z,Повернено
78,426,2024-08-01T02:22:51.503Z,Доставлено
79,202,2024-08-01T11:36:48.311Z,Доставлено
80,73,2024-08-01T12:34:57.530Z,Доставлено
81,433,2024-08-02T05:10:42.120Z,Скасовано
82,428,2024-08-03T02:21:36.771Z,Повернено
83,32,2024-08-04T15:00:26.611Z,Доставлено
84,82,2024-08-05T12:03:19.202Z,Доставлено
85,455,2024-08-06T15:59:23.775Z,Скасовано
86,377,2024-08-07T07:43:44.381Z,Доставлено
87,182,2024-08-07T11:59:25.920Z,Доставлено
88,495,2024-08-07T12:33:21.170Z,Доставлено
89,498,2024-08-08T05:52:34.461Z,Доставлено
90,228,2024-08-08T10:26:11.226Z,Скасовано
91,257,2024-08-10T08:45:31.011Z,Доставлено
92,44,2024-08-10T23:24:48.594Z,Доставлено
93,346,2024-08-11T04:29:20.380Z,Доставлено
94,410,2024-08-11T07:14:03.002Z,Доставлено
95,269,2024-08-11T13:26:39.551Z,Доставлено
96,54,2024-08-12T07:45:49.996Z,Доставлено
97,145,2024-08-13T09:59:25.355Z,Доставлено
98,83,2024-08-13T11:26:48.331Z,Повернено
99,219,2024-08-14T04:51:41.261Z,Доставлено
100,92,2024-08-14T07:47:01.798Z,Повернено
101,448,2024-08-14T23:23:15.325Z,Доставлено
102,76,2024-08-15T05:02:16.555Z,Доставлено
103,459,2024-08-15T05:54:16.586Z,Доставлено
104,388,2024-08-15T11:28:46.441Z,Доставлено
105,96,2024-08-15T17:33:08.260Z,Доставлено
106,112,2024-08-15T18:56:34.323Z,Доставлено
107,67,2024-08-15T21:34:00.223Z,Доставлено
108,281,2024-08-16T06:15:10.465Z,Доставлено
109,77,2024-08-16T10:39:48.156Z,Доставлено
110,193,2024-08-17T12:01:54.865Z,Доставлено
111,416,2024-08-17T22:11:37.702Z,Доставлено
112,197,2024-08-18T05:48:41.696Z,Доставлено
113,320,2024-08-18T09:29:31.238Z,Доставлено
114,246,2024-08-18T09:35:45.535Z,Доставлено
115,284,2024-08-19T00:42:52.819Z,Скасовано
116,150,2024-08-19T07:26:50.995Z,Доставлено
117,281,2024-08-19T23:26:52.080Z,Доставлено
118,42,2024-08-20T04:27:01.797Z,Доставлено
119,378,2024-08-20T06:41:57.043Z,Скасовано
120,209,2024-08-20T11:28:44.335Z,Доставлено
121,140,2024-08-20T22:24:48.511Z,Скасовано
122,95,2024-08-20T22:27:30.995Z,Доставлено
123,453,2024-08-20T22:52:25.523Z,Повернено
124,478,2024-08-21T05:34:03.374Z,Скасовано
125,74,2024-08-21T07:51:55.720Z,Доставлено
126,96,2024-08-22T04:53:17.907Z,Скасовано
127,270,2024-08-22T19:55:29.640Z,Повернено
128,226,2024-08-23T02:02:41.766Z,Доставлено
129,247,2024-08-23T05:37:44.431Z,Повернено
130,256,2024-08-23T16:24:09.712Z,Доставлено
131,353,2024-08-24T00:53:54.750Z,Повернено
132,472,2024-08-24T02:22:55.364Z,Доставлено
133,12,2024-08-25T04:17:05.432Z,Доставлено
134,257,2024-08-25T06:07:50.784Z,Скасовано
135,94,2024-08-25T16:23:55.675Z,Доставлено
136,212,2024-08-26T06:20:39.835Z,Доставлено
137,398,2024-08-26T17:39:09.548Z,Доставлено
138,4,2024-08-28T03:55:07.250Z,Доставлено
139,288,2024-08-28T18:55:32.953Z,Повернено
140,450,2024-08-29T10:55:31.790Z,Доставлено
141,38,2024-08-30T00:27:34.851Z,Скасовано
142,494,2024-08-30T10:29:45.492Z,Повернено
143,185,2024-08-30T10:36:47.856Z,Доставлено
144,57,2024-08-31T01:49:45.034Z,Доставлено
145,6,2024-08-31T18:49:58.262Z,Доставлено
146,74,2024-08-31T21:49:09.884Z,Доставлено
147,100,2024-09-01T03:37:10.377Z,Доставлено
148,46,2024-09-02T08:34:43.069Z,Доставлено
149,453,2024-09-02T09:40:02.203Z,Доставлено
150,323,2024-09-02T22:18:45.707Z,Доставлено
151,490,2024-09-04T11:50:27.382Z,Доставлено
152,303,2024-09-04T22:53:15.361Z,Доставлено
153,142,2024-09-05T09:46:27.601Z,Скасовано
154,255,2024-09-05T18:01:00.613Z,Скасовано
155,265,2024-09-06T23:16:32.080Z,Доставлено
156,90,2024-09-08T07:39:15.104Z,Скасовано
157,51,2024-09-08T09:19:44.211Z,Доставлено
158,301,2024-09-09T01:21:13.023Z,Доставлено
159,115,2024-09-09T19:21:40.381Z,Доставлено
160,483,2024-09-10T07:19:10.652Z,Доставлено
161,446,2024-09-11T06:15:37.695Z,Доставлено
162,377,2024-09-11T10:55:12.489Z,Скасовано
163,16,2024-09-11T20:31:20.598Z,Доставлено
164,172,2024-09-12T02:43:27.564Z,Доставлено
165,42,2024-09-12T05:26:35.548Z,Повернено
166,462,2024-09-13T14:52:14.418Z,Доставлено
167,177,2024-09-13T23:17:05.335Z,Доставлено
168,62,2024-09-14T06:50:35.012Z,Скасовано
169,108,2024-09-14T22:51:21.816Z,Доставлено
170,328,2024-09-16T02:02:28.642Z,Доставлено
171,115,2024-09-16T20:08:15.488Z,Доставлено
172,486,2024-09-17T19:54:42.825Z,Доставлено
173,75,2024-09-17T20:22:18.544Z,Доставлено
174,46,2024-09-18T09:55:23.601Z,Доставлено
175,65,2024-09-19T01:01:35.650Z,Доставлено
176,171,2024-09-19T09:07:07.883Z,Повернено
177,191,2024-09-19T09:20:00.172Z,Доставлено
178,458,2024-09-19T10:56:15.706Z,Доставлено
179,174,2024-09-20T07:48:06.347Z,Скасовано
180,359,2024-09-20T12:12:01.846Z,Доставлено
181,229,2024-09-21T02:25:11.501Z,Доставлено
182,262,2024-09-21T12:12:57.876Z,Доставлено
183,239,2024-09-21T13:49:47.643Z,Доставлено
184,30,2024-09-22T02:22:52.459Z,Повернено
185,467,2024-09-22T02:48:10.438Z,Доставлено
186,49,2024-09-22T21:39:13.683Z,Доставлено
187,38,2024-09-22T22:58:16.801Z,Доставлено
188,325,2024-09-23T04:31:01.602Z,Доставлено
189,441,2024-09-24T07:36:26.439Z,Повернено
190,447,2024-09-24T10:57:39.271Z,Доставлено
191,452,2024-09-24T15:27:20.783Z,Скасовано
192,78,2024-09-24T19:19:00.970Z,Доставлено
193,45,2024-09-25T20:40:00.156Z,Доставлено
194,284,2024-09-25T22:20:19.961Z,Доставлено
195,140,2024-09-25T23:07:54.938Z,Доставлено
196,485,2024-09-26T00:33:19.755Z,Доставлено
197,27,2024-09-26T02:28:07.306Z,Скасовано
198,8,2024-09-27T03:22:08.269Z,Доставлено
199,424,2024-09-27T11:22:53.057Z,Доставлено
200,421,2024-09-27T17:11:56.730Z,Доставлено
201,223,2024-09-28T15:49:17.382Z,Повернено
202,484,2024-09-28T19:11:27.488Z,Скасовано
203,348,2024-09-29T10:32:32.386Z,Доставлено
204,324,2024-09-29T16:23:30.559Z,Скасовано
205,350,2024-09-30T22:19:16.656Z,Доставлено
206,26,2024-10-01T03:30:12.542Z,Доставлено
207,294,2024-10-02T01:51:31.870Z,Доставлено
208,1,2024-10-02T19:55:53.975Z,Доставлено
209,43,2024-10-04T10:35:18.357Z,Доставлено
210,479,2024-10-04T10:43:38.259Z,Доставлено
211,438,2024-10-05T08:04:41.800Z,Доставлено
212,434,2024-10-06T00:18:06.986Z,Доставлено
213,293,2024-10-06T00:41:35.600Z,Доставлено
214,47,2024-10-06T13:48:11.722Z,Доставлено
215,321,2024-10-06T18:30:00.983Z,Доставлено
216,413,2024-10-07T07:50:52.898Z,Доставлено
217,284,2024-10-08T09:24:23.814Z,Доставлено
218,57,2024-10-08T13:44:24.070Z,Повернено
219,489,2024-10-08T18:02:29.934Z,Доставлено
220,152,2024-10-09T16:50:43.142Z,Доставлено
221,33,2024-10-09T22:29:09.134Z,Доставлено
222,487,2024-10-10T10:27:54.786Z,Доставлено
223,498,2024-10-11T20:04:57.865Z,Доставлено
224,106,2024-10-11T23:10:56.165Z,Доставлено
225,434,2024-10-12T02:04:03.391Z,Доставлено
226,275,2024-10-12T02:58:27.742Z,Повернено
227,431,2024-10-12T07:53:02.584Z,Доставлено
228,108,2024-10-13T18:41:57.592Z,Повернено
229,22,2024-10-13T23:46:41.013Z,Доставлено
230,408,2024-10-14T03:54:05.848Z,Доставлено
231,158,2024-10-14T13:36:26.416Z,Доставлено
232,38,2024-10-15T15:36:58.680Z,Доставлено
233,101,2024-10-15T17:25:38.362Z,Доставлено
234,371,2024-10-15T23:55:18.414Z,Доставлено
235,365,2024-10-16T05:40:14.415Z,Доставлено
236,28,2024-10-16T12:58:13.253Z,Доставлено
237,458,2024-10-17T10:00:14.655Z,Доставлено
238,181,2024-10-17T16:38:57.996Z,Доставлено
239,398,2024-10-18T21:19:39.790Z,Доставлено
240,258,2024-10-19T00:52:17.083Z,Доставлено
241,329,2024-10-19T01:29:41.429Z,Скасовано
242,305,2024-10-19T03:48:26.675Z,Доставлено
243,499,2024-10-19T09:10:25.957Z,Доставлено
244,365,2024-10-19T09:37:29.669Z,Доставлено
245,43,2024-10-19T17:03:27.661Z,Скасовано
246,428,2024-10-19T23:40:24.902Z,Доставлено
247,134,2024-10-20T01:28:08.009Z,Скасовано
248,182,2024-10-20T05:41:18.358Z,Доставлено
249,181,2024-10-20T15:54:33.764Z,Доставлено
250,422,2024-10-20T17:36:41.355Z,Доставлено
251,306,2024-10-20T18:13:06.277Z,Скасовано
252,267,2024-10-21T04:55:55.531Z,Доставлено
253,469,2024-10-22T11:26:11.806Z,Доставлено
254,325,2024-10-22T18:15:43.239Z,Доставлено
255,404,2024-10-23T20:20:12.388Z,Доставлено
256,187,2024-10-24T02:51:46.766Z,Повернено
257,214,2024-10-24T04:51:47.438Z,Доставлено
258,204,2024-10-24T17:21:16.637Z,Повернено
259,321,2024-10-24T22:03:20.970Z,Доставлено
260,90,2024-10-25T00:56:20.959Z,Доставлено
261,282,2024-10-25T03:07:11.725Z,Доставлено
262,276,2024-10-25T10:47:01.934Z,Доставлено
263,311,2024-10-25T13:49:52.969Z,Доставлено
264,366,2024-10-25T14:08:14.072Z,Доставлено
265,394,2024-10-26T07:51:09.295Z,Доставлено
266,339,2024-10-26T08:38:19.495Z,Скасовано
267,202,2024-10-27T07:44:36.215Z,Доставлено
268,380,2024-10-28T00:47:46.819Z,Доставлено
269,393,2024-10-28T17:57:23.099Z,Доставлено
270,162,2024-10-29T05:33:20.325Z,Повернено
271,404,2024-10-30T08:44:47.571Z,Скасовано
272,74,2024-10-31T06:53:54.972Z,Доставлено
273,52,2024-10-31T07:08:39.983Z,Повернено
274,441,2024-10-31T14:51:30.450Z,Доставлено
275,49,2024-11-01T05:03:40.428Z,Доставлено
276,286,2024-11-01T23:31:06.427Z,Доставлено
277,358,2024-11-02T12:21:42.661Z,Доставлено
278,20,2024-11-02T17:45:55.216Z,Доставлено
279,389,2024-11-02T21:17:54.547Z,Доставлено
280,133,2024-11-03T02:15:19.279Z,Доставлено
281,312,2024-11-03T02:23:02.320Z,Доставлено
282,240,2024-11-03T11:53:07.490Z,Повернено
283,26,2024-11-03T22:17:55.526Z,Повернено
284,155,2024-11-03T23:25:43.484Z,Доставлено
285,465,2024-11-06T11:34:59.444Z,Доставлено
286,78,2024-11-07T14:20:23.130Z,Доставлено
287,493,2024-11-08T15:41:51.076Z,Доставлено
288,433,2024-11-08T21:20:20.099Z,Доставлено
289,291,2024-11-09T15:44:41.469Z,Скасовано
290,366,2024-11-11T10:56:41.375Z,Доставлено
291,353,2024-11-12T01:48:14.346Z,Доставлено
292,133,2024-11-12T14:39:57.914Z,Доставлено
293,106,2024-11-12T22:58:31.386Z,Доставлено
294,422,2024-11-13T13:58:53.752Z,Доставлено
295,365,2024-11-13T15:16:42.891Z,Доставлено
296,57,2024-11-14T09:04:32.915Z,Доставлено
297,483,2024-11-14T13:34:52.327Z,Доставлено
298,343,2024-11-14T17:55:52.479Z,Повернено
299,228,2024-11-14T19:00:57.161Z,Доставлено
300,292,2024-11-15T02:03:31.338Z,Доставлено
301,149,2024-11-15T07:52:36.943Z,Доставлено
302,461,2024-11-17T22:10:39.224Z,Доставлено
303,336,2024-11-18T05:49:52.230Z,Доставлено
304,280,2024-11-18T14:43:27.784Z,Доставлено
305,445,2024-11-18T23:30:24.192Z,Доставлено
306,27,2024-11-20T08:01:38.570Z,Доставлено
307,289,2024-11-21T03:42:56.811Z,Доставлено
308,150,2024-11-21T04:09:09.627Z,Доставлено
309,257,2024-11-21T08:43:18.134Z,Доставлено
310,88,2024-11-22T13:59:44.165Z,Доставлено
311,287,2024-11-22T17:02:13.050Z,Повернено
312,216,2024-11-22T19:29:38.928Z,Скасовано
313,29,2024-11-23T09:56:04.676Z,Доставлено
314,236,2024-11-24T03:13:57.098Z,Доставлено
315,286,2024-11-24T11:12:58.986Z,Доставлено
316,55,2024-11-25T03:39:42.304Z,Повернено
317,266,2024-11-25T14:36:38.870Z,Доставлено
318,10,2024-11-26T02:10:32.115Z,Повернено
319,462,2024-11-26T07:20:56.349Z,Скасовано
320,313,2024-11-26T11:10:11.480Z,Доставлено
321,253,2024-11-26T12:34:42.926Z,Доставлено
322,182,2024-11-27T02:28:36.208Z,Доставлено
323,35,2024-11-27T15:59:41.747Z,Скасовано
324,166,2024-11-27T23:47:56.083Z,Повернено
325,217,2024-11-29T02:06:00.076Z,Доставлено
326,386,2024-11-29T22:48:49.245Z,Доставлено
327,405,2024-11-30T15:36:40.223Z,Повернено
328,91,2024-11-30T17:31:23.255Z,Доставлено
329,331,2024-11-30T23:59:37.989Z,Доставлено
330,162,2024-12-01T06:52:50.653Z,Доставлено
331,92,2024-12-01T14:03:41.275Z,Доставлено
332,295,2024-12-01T16:23:16.669Z,Доставлено
333,378,2024-12-02T02:09:54.280Z,Доставлено
334,59,2024-12-03T04:11:09.387Z,Доставлено
335,391,2024-12-03T08:42:36.575Z,Доставлено
336,111,2024-12-04T05:23:24.647Z,Доставлено
337,83,2024-12-04T17:05:45.710Z,Доставлено
338,223,2024-12-04T18:35:20.299Z,Доставлено
339,170,2024-12-06T03:50:12.259Z,Доставлено
340,486,2024-12-06T05:51:43.260Z,Доставлено
341,231,2024-12-06T06:20:18.413Z,Повернено
342,446,2024-12-06T08:40:55.851Z,Доставлено
343,164,2024-12-06T13:44:07.298Z,Доставлено
344,154,2024-12-07T10:33:47.041Z,Скасовано
345,433,2024-12-07T17:07:04.291Z,Доставлено
346,149,2024-12-07T21:53:24.232Z,Доставлено
347,239,2024-12-08T05:01:50.541Z,Доставлено
348,5,2024-12-09T11:42:30.728Z,Доставлено
349,100,2024-12-09T23:35:33.119Z,Доставлено
350,408,2024-12-10T05:46:11.787Z,Доставлено
351,481,2024-12-10T08:06:50.138Z,Доставлено
352,466,2024-12-10T15:17:28.418Z,Скасовано
353,186,2024-12-10T22:08:48.364Z,Доставлено
354,41,2024-12-11T01:16:34.486Z,Доставлено
355,37,2024-12-11T06:27:25.665Z,Доставлено
356,48,2024-12-11T06:45:58.539Z,Доставлено
357,22,2024-12-11T08:10:59.562Z,Доставлено
358,440,2024-12-11T13:11:35.911Z,Доставлено
359,109,2024-12-11T23:09:56.072Z,Повернено
360,418,2024-12-12T05:58:46.122Z,Доставлено
361,181,2024-12-12T06:18:13.809Z,Доставлено
362,50,2024-12-12T10:22:49.723Z,Доставлено
363,455,2024-12-12T22:24:10.572Z,Доставлено
364,223,2024-12-13T22:48:19.106Z,Доставлено
365,79,2024-12-14T02:24:23.065Z,Скасовано
366,373,2024-12-14T09:58:34.783Z,Скасовано
367,86,2024-12-14T10:39:22.557Z,Доставлено
368,411,2024-12-14T20:41:28.142Z,Доставлено
369,452,2024-12-14T23:23:07.046Z,Доставлено
370,167,2024-12-15T10:50:49.602Z,Доставлено
371,14,2024-12-15T11:49:00.026Z,Доставлено
372,209,2024-12-17T02:00:12.680Z,Доставлено
373,171,2024-12-17T16:41:54.471Z,Доставлено
374,367,2024-12-17T17:35:27.505Z,Доставлено
375,380,2024-12-17T23:46:58.241Z,Доставлено
376,20,2024-12-18T01:50:46.082Z,Доставлено
377,420,2024-12-18T06:16:55.831Z,Доставлено
378,375,2024-12-18T18:50:30.384Z,Повернено
379,474,2024-12-19T03:12:40.307Z,Доставлено
380,444,2024-12-19T09:30:51.878Z,Доставлено
381,188,2024-12-19T18:56:37.898Z,Доставлено
382,417,2024-12-20T08:36:47.147Z,Доставлено
383,264,2024-12-20T16:26:41.191Z,Доставлено
384,244,2024-12-21T02:07:12.619Z,Доставлено
385,146,2024-12-21T08:53:17.808Z,Доставлено
386,478,2024-12-21T14:38:52.759Z,Скасовано
387,354,2024-12-21T17:04:42.100Z,Доставлено
388,78,2024-12-22T22:18:17.394Z,Скасовано
389,478,2024-12-23T05:25:31.921Z,Скасовано
390,48,2024-12-24T13:19:56.992Z,Повернено
391,311,2024-12-25T00:00:12.590Z,Повернено
392,186,2024-12-25T03:10:12.582Z,Доставлено
393,343,2024-12-25T16:07:53.007Z,Доставлено
394,187,2024-12-27T00:27:19.894Z,Доставлено
395,274,2024-12-27T00:46:08.453Z,Доставлено
396,26,2024-12-27T12:12:44.233Z,Скасовано
397,15,2024-12-28T04:35:33.109Z,Скасовано
398,44,2024-12-28T12:07:45.916Z,Доставлено
399,63,2024-12-28T13:20:26.499Z,Повернено
400,443,2024-12-29T06:20:58.656Z,Доставлено
401,160,2024-12-29T20:51:40.842Z,Доставлено
402,81,2024-12-30T04:24:37.493Z,Доставлено
403,12,2024-12-30T14:01:52.599Z,Доставлено
404,177,2024-12-30T15:54:51.322Z,Доставлено
405,113,2024-12-31T05:24:03.350Z,Доставлено
406,460,2024-12-31T10:07:07.201Z,Доставлено
407,107,2024-12-31T17:58:13.072Z,Доставлено
408,279,2024-12-31T18:39:30.458Z,Доставлено
409,337,2024-12-31T21:01:22.542Z,Доставлено
410,319,2025-01-01T07:38:48.700Z,Повернено
411,439,2025-01-01T13:05:44.172Z,Доставлено
412,241,2025-01-01T19:22:27.583Z,Доставлено
413,200,2025-01-01T22:24:33.843Z,Скасовано
414,360,2025-01-01T23:04:05.595Z,Доставлено
415,363,2025-01-02T02:01:14.913Z,Доставлено
416,108,2025-01-02T05:45:38.588Z,Доставлено
417,120,2025-01-02T06:50:51.083Z,Доставлено
418,255,2025-01-02T18:30:07.042Z,Доставлено
419,200,2025-01-04T10:26:05.191Z,Доставлено
420,467,2025-01-04T10:54:29.781Z,Доставлено
421,139,2025-01-04T11:17:12.522Z,Доставлено
422,45,2025-01-04T17:00:27.941Z,Доставлено
423,202,2025-01-04T17:57:31.756Z,Доставлено
424,261,2025-01-05T10:44:38.529Z,Доставлено
425,334,2025-01-05T14:15:31.750Z,Повернено
426,93,2025-01-05T20:06:36.598Z,Доставлено
427,249,2025-01-06T10:20:22.352Z,Доставлено
428,144,2025-01-06T17:47:26.612Z,Доставлено
429,294,2025-01-07T13:21:37.095Z,Доставлено
430,27,2025-01-07T17:02:21.829Z,Доставлено
431,117,2025-01-08T04:07:55.077Z,Доставлено
432,294,2025-01-08T04:42:48.857Z,Доставлено
433,275,2025-01-10T15:20:36.998Z,Доставлено
434,113,2025-01-11T02:15:40.030Z,Повернено
435,316,2025-01-11T18:14:34.183Z,Доставлено
436,298,2025-01-12T18:43:29.141Z,Доставлено
437,252,2025-01-12T21:14:23.967Z,Доставлено
438,500,2025-01-13T08:10:55.417Z,Доставлено
439,204,2025-01-13T11:13:17.130Z,Доставлено
440,124,2025-01-14T00:06:32.702Z,Доставлено
441,33,2025-01-14T09:19:23.326Z,Скасовано
442,295,2025-01-14T15:21:56.421Z,Повернено
443,356,2025-01-14T21:58:07.079Z,Доставлено
444,323,2025-01-14T23:06:21.408Z,Скасовано
445,182,2025-01-16T01:44:06.701Z,Скасовано
446,420,2025-01-16T07:10:38.313Z,Повернено
447,224,2025-01-16T15:37:10.051Z,Доставлено
448,378,2025-01-17T05:55:21.354Z,Доставлено
449,215,2025-01-17T21:10:35.238Z,Доставлено
450,441,2025-01-18T22:45:10.312Z,Повернено
451,366,2025-01-19T09:31:20.550Z,Доставлено
452,316,2025-01-19T12:17:12.519Z,Доставлено
453,250,2025-01-19T17:13:16.104Z,Повернено
454,436,2025-01-20T02:38:08.375Z,Доставлено
455,169,2025-01-20T11:20:24.375Z,Доставлено
456,328,2025-01-20T15:28:07.636Z,Доставлено
457,268,2025-01-20T22:16:49.321Z,Доставлено
458,87,2025-01-21T00:02:20.127Z,Доставлено
459,92,2025-01-21T01:30:05.123Z,Доставлено
460,370,2025-01-22T13:18:13.373Z,Доставлено
461,440,2025-01-22T16:11:11.692Z,Доставлено
462,403,2025-01-22T22:10:17.773Z,Доставлено
463,163,2025-01-23T07:56:48.832Z,Доставлено
464,377,2025-01-23T18:09:51.396Z,Доставлено
465,443,2025-01-24T06:47:50.082Z,Доставлено
466,191,2025-01-24T08:13:54.527Z,Доставлено
467,148,2025-01-24T08:32:04.227Z,Скасовано
468,133,2025-01-24T10:55:49.951Z,Доставлено
469,122,2025-01-24T11:32:18.830Z,Доставлено
470,224,2025-01-25T15:46:16.460Z,Доставлено
471,246,2025-01-26T07:20:47.549Z,Доставлено
472,390,2025-01-26T19:47:50.418Z,Скасовано
473,494,2025-01-26T21:19:35.675Z,Доставлено
474,40,2025-01-27T14:47:02.885Z,Доставлено
475,294,2025-01-28T19:45:24.600Z,Доставлено
476,65,2025-01-29T11:11:43.205Z,Доставлено
477,473,2025-01-29T21:55:50.669Z,Доставлено
478,193,2025-01-30T23:02:53.312Z,Доставлено
479,344,2025-01-31T04:39:55.988Z,Доставлено
480,80,2025-01-31T08:52:05.558Z,Повернено
481,214,2025-01-31T11:37:53.467Z,Доставлено
482,49,2025-01-31T21:53:56.067Z,Доставлено
483,130,2025-02-02T11:01:07.469Z,Доставлено
484,27,2025-02-02T23:07:43.695Z,Доставлено
485,438,2025-02-04T05:15:49.564Z,Доставлено
486,458,2025-02-04T08:07:17.332Z,Доставлено
487,59,2025-02-05T04:41:46.344Z,Скасовано
488,476,2025-02-05T23:35:27.111Z,Доставлено
489,75,2025-02-06T12:30:42.948Z,Скасовано
490,345,2025-02-06T15:21:52.966Z,Повернено
491,95,2025-02-07T06:05:19.567Z,Доставлено
492,373,2025-02-07T08:23:23.621Z,Доставлено
493,412,2025-02-07T09:15:46.290Z,Доставлено
494,69,2025-02-07T13:48:38.454Z,Доставлено
495,468,2025-02-07T16:48:36.239Z,Доставлено
496,420,2025-02-07T19:49:55.171Z,Доставлено
497,427,2025-02-08T02:50:26.133Z,Доставлено
498,207,2025-02-08T10:14:55.439Z,Доставлено
499,279,2025-02-09T02:12:05.237Z,Доставлено
500,489,2025-02-09T08:34:27.229Z,Повернено
501,457,2025-02-09T13:40:09.617Z,Доставлено
502,432,2025-02-09T16:53:06.379Z,Доставлено
503,340,2025-02-10T00:17:56.513Z,Доставлено
504,413,2025-02-11T01:32:41.392Z,Скасовано
505,71,2025-02-11T15:03:02.542Z,Доставлено
506,337,2025-02-11T22:46:47.306Z,Доставлено
507,271,2025-02-12T00:06:10.913Z,Скасовано
508,378,2025-02-13T06:38:54.385Z,Доставлено
509,171,2025-02-13T14:03:20.110Z,Доставлено
510,192,2025-02-14T20:54:03.780Z,Доставлено
511,55,2025-02-15T09:34:48.557Z,Доставлено
512,344,2025-02-15T10:19:56.011Z,Доставлено
513,435,2025-02-15T14:41:59.298Z,Доставлено
514,85,2025-02-17T05:29:12.894Z,Доставлено
515,114,2025-02-17T10:11:44.620Z,Доставлено
516,270,2025-02-18T02:49:14.669Z,Повернено
517,480,2025-02-18T04:03:08.632Z,Доставлено
518,319,2025-02-18T16:05:52.469Z,Доставлено
519,230,2025-02-18T23:57:09.627Z,Доставлено
520,24,2025-02-19T03:25:41.228Z,Доставлено
521,21,2025-02-23T08:34:34.293Z,Доставлено
522,90,2025-02-24T19:50:30.953Z,Доставлено
523,483,2025-02-25T14:24:28.784Z,Доставлено
524,161,2025-02-25T21:12:11.333Z,Повернено
525,397,2025-02-25T21:50:07.812Z,Доставлено
526,119,2025-02-25T23:55:49.820Z,Доставлено
527,454,2025-02-26T08:11:24.656Z,Повернено
528,499,2025-02-27T08:42:26.849Z,Доставлено
529,52,2025-02-27T11:06:50.043Z,Доставлено
530,438,2025-02-27T23:49:12.857Z,Доставлено
531,77,2025-02-28T01:42:02.998Z,Доставлено
532,455,2025-02-28T17:27:05.087Z,Доставлено
533,4,2025-03-01T01:31:49.743Z,Скасовано
534,278,2025-03-01T03:24:48.815Z,Доставлено
535,460,2025-03-01T22:01:49.397Z,Доставлено
536,86,2025-03-01T22:31:18.470Z,Повернено
537,298,2025-03-02T09:52:32.915Z,Доставлено
538,476,2025-03-03T16:44:18.841Z,Доставлено
539,371,2025-03-03T23:44:41.609Z,Доставлено
540,259,2025-03-04T02:48:04.667Z,Доставлено
541,221,2025-03-04T05:03:14.904Z,Доставлено
542,34,2025-03-04T09:26:33.241Z,Доставлено
543,110,2025-03-05T13:00:47.476Z,Скасовано
544,57,2025-03-05T14:13:06.158Z,Доставлено
545,299,2025-03-05T23:57:43.501Z,Доставлено
546,432,2025-03-06T08:34:56.875Z,Доставлено
547,335,2025-03-08T06:38:36.109Z,Доставлено
548,351,2025-03-10T00:20:15.251Z,Доставлено
549,479,2025-03-10T02:30:24.861Z,Повернено
550,173,2025-03-10T04:57:15.566Z,Доставлено
551,457,2025-03-10T14:24:18.698Z,Доставлено
552,452,2025-03-11T01:10:35.505Z,Повернено
553,159,2025-03-11T03:27:02.457Z,Доставлено
554,372,2025-03-12T07:40:14.611Z,Доставлено
555,434,2025-03-12T11:47:58.503Z,Скасовано
556,424,2025-03-13T10:45:36.627Z,Доставлено
557,399,2025-03-14T03:14:16.788Z,Доставлено
558,143,2025-03-14T05:30:14.090Z,Повернено
559,218,2025-03-14T11:31:02.869Z,Доставлено
560,20,2025-03-14T20:51:49.708Z,Скасовано
561,6,2025-03-14T22:06:58.280Z,Доставлено
562,224,2025-03-15T08:59:46.831Z,Доставлено
563,97,2025-03-16T18:42:04.581Z,Доставлено
564,395,2025-03-17T06:58:11.557Z,Доставлено
565,174,2025-03-17T15:15:52.393Z,Скасовано
566,264,2025-03-18T03:48:10.136Z,Доставлено
567,167,2025-03-18T04:51:23.869Z,Повернено
568,308,2025-03-19T03:47:54.955Z,Доставлено
569,496,2025-03-19T06:07:16.382Z,Доставлено
570,209,2025-03-20T16:04:32.912Z,Повернено
571,422,2025-03-21T01:09:15.635Z,Доставлено
572,197,2025-03-21T01:43:29.668Z,Доставлено
573,461,2025-03-21T05:17:31.336Z,Повернено
574,134,2025-03-21T10:28:49.046Z,Доставлено
575,341,2025-03-21T12:05:33.638Z,Доставлено
576,18,2025-03-21T15:23:04.714Z,Доставлено
577,463,2025-03-21T17:53:44.608Z,Доставлено
578,197,2025-03-22T16:04:53.571Z,Скасовано
579,348,2025-03-23T08:47:00.225Z,Доставлено
580,490,2025-03-25T08:26:55.158Z,Доставлено
581,448,2025-03-25T09:24:25.803Z,Доставлено
582,334,2025-03-25T14:44:04.492Z,Доставлено
583,1,2025-03-25T16:23:12.344Z,Доставлено
584,85,2025-03-25T17:34:45.854Z,Доставлено
585,150,2025-03-25T19:24:24.901Z,Скасовано
586,302,2025-03-27T03:08:33.965Z,Повернено
587,362,2025-03-27T20:21:42.271Z,Доставлено
588,230,2025-03-28T00:08:14.204Z,Доставлено
589,494,2025-03-28T15:01:15.075Z,Доставлено
590,370,2025-03-28T22:20:57.653Z,Доставлено
591,338,2025-03-29T03:13:03.637Z,Доставлено
592,271,2025-03-29T07:40:27.815Z,Доставлено
593,45,2025-03-29T08:14:28.223Z,Доставлено
594,349,2025-03-29T10:20:30.231Z,Доставлено
595,255,2025-03-29T13:19:34.024Z,Доставлено
596,196,2025-03-29T13:40:13.417Z,Повернено
597,403,2025-03-29T16:38:22.569Z,Доставлено
598,403,2025-03-29T23:32:17.503Z,Доставлено
599,183,2025-03-30T07:22:30.336Z,Доставлено
600,226,2025-03-30T15:35:14.809Z,Доставлено
601,497,2025-03-30T22:00:55.626Z,Доставлено
602,278,2025-03-31T05:23:55.156Z,Доставлено
603,27,2025-03-31T12:22:48.330Z,Доставлено
604,204,2025-03-31T21:33:42.140Z,Доставлено
605,54,2025-04-01T00:02:30.246Z,Доставлено
606,430,2025-04-01T04:50:00.188Z,Доставлено
607,470,2025-04-01T06:08:01.832Z,Доставлено
608,227,2025-04-01T08:28:50.308Z,Скасовано
609,47,2025-04-01T10:22:29.981Z,Доставлено
610,493,2025-04-01T16:54:22.741Z,Доставлено
611,493,2025-04-01T17:56:13.460Z,Доставлено
612,127,2025-04-01T20:52:26.709Z,Доставлено
613,255,2025-04-03T15:36:37.155Z,Доставлено
614,318,2025-04-03T16:11:55.791Z,Доставлено
615,306,2025-04-04T00:00:36.249Z,Доставлено
616,355,2025-04-04T05:59:41.039Z,Доставлено
617,248,2025-04-04T20:06:00.976Z,Доставлено
618,81,2025-04-04T20:20:11.480Z,Доставлено
619,79,2025-04-05T16:23:57.061Z,Доставлено
620,201,2025-04-06T04:52:54.909Z,Повернено
621,11,2025-04-06T06:14:13.641Z,Доставлено
622,13,2025-04-06T11:07:03.662Z,Доставлено
623,361,2025-04-06T16:28:40.276Z,Доставлено
624,486,2025-04-06T21:53:52.788Z,Доставлено
625,144,2025-04-07T13:26:00.057Z,Доставлено
626,199,2025-04-07T23:49:37.400Z,Доставлено
627,234,2025-04-09T21:06:25.918Z,Скасовано
628,379,2025-04-10T00:17:07.198Z,Скасовано
629,498,2025-04-10T03:42:04.457Z,Доставлено
630,140,2025-04-10T04:05:00.440Z,Доставлено
631,266,2025-04-10T12:42:56.696Z,Доставлено
632,203,2025-04-11T21:35:39.978Z,Скасовано
633,213,2025-04-12T05:01:47.752Z,Доставлено
634,241,2025-04-12T05:35:44.949Z,Доставлено
635,213,2025-04-12T14:11:55.534Z,Доставлено
636,205,2025-04-13T05:58:46.087Z,Скасовано
637,87,2025-04-13T18:22:15.868Z,Доставлено
638,95,2025-04-14T09:48:32.524Z,Доставлено
639,59,2025-04-14T13:21:18.138Z,Доставлено
640,191,2025-04-14T16:47:52.954Z,Доставлено
641,497,2025-04-15T18:56:35.895Z,Доставлено
642,324,2025-04-16T00:18:35.936Z,Доставлено
643,4,2025-04-17T01:42:42.228Z,Скасовано
644,423,2025-04-17T08:53:32.811Z,Доставлено
645,356,2025-04-18T08:59:42.850Z,Доставлено
646,477,2025-04-19T05:51:45.618Z,Доставлено
647,459,2025-04-20T06:50:30.375Z,Повернено
648,274,2025-04-20T09:00:15.874Z,Доставлено
649,396,2025-04-20T12:54:33.597Z,Доставлено
650,417,2025-04-21T01:27:45.305Z,Доставлено
651,456,2025-04-21T08:05:44.446Z,Доставлено
652,226,2025-04-22T12:15:37.251Z,Доставлено
653,47,2025-04-22T12:24:11.400Z,Доставлено
654,281,2025-04-22T19:03:52.866Z,Доставлено
655,241,2025-04-23T10:47:39.880Z,Повернено
656,491,2025-04-23T15:28:26.934Z,Доставлено
657,381,2025-04-23T18:43:32.914Z,Доставлено
658,44,2025-04-23T19:58:49.342Z,Доставлено
659,445,2025-04-23T21:39:39.105Z,Доставлено
660,188,2025-04-24T02:28:52.855Z,Доставлено
661,82,2025-04-24T19:28:25.658Z,Скасовано
662,328,2025-04-25T05:09:32.800Z,Доставлено
663,268,2025-04-25T07:30:45.327Z,Доставлено
664,379,2025-04-25T23:07:46.245Z,Доставлено
665,189,2025-04-26T00:02:35.537Z,Доставлено
666,317,2025-04-27T01:28:02.820Z,Доставлено
667,29,2025-04-27T03:32:22.268Z,Доставлено
668,4,2025-04-27T17:13:28.131Z,Доставлено
669,161,2025-04-27T17:36:13.427Z,Доставлено
670,222,2025-04-27T18:20:05.887Z,Доставлено
671,291,2025-04-27T18:32:03.310Z,Доставлено
672,202,2025-04-27T21:33:29.459Z,Скасовано
673,492,2025-04-28T14:30:36.006Z,Доставлено
674,139,2025-04-29T01:23:22.696Z,Доставлено
675,7,2025-04-29T03:29:24.224Z,Доставлено
676,301,2025-04-29T03:55:15.885Z,Доставлено
677,292,2025-04-29T04:35:06.060Z,Доставлено
678,126,2025-04-29T05:11:34.196Z,Доставлено
679,102,2025-04-29T08:01:14.987Z,Доставлено
680,120,2025-04-29T10:54:24.164Z,Доставлено
681,462,2025-04-30T00:46:01.417Z,Повернено
682,76,2025-04-30T05:27:07.489Z,Доставлено
683,149,2025-04-30T19:33:38.970Z,Повернено
684,216,2025-05-01T08:40:29.976Z,Доставлено
685,97,2025-05-01T19:07:57.327Z,Доставлено
686,139,2025-05-03T11:52:27.111Z,Доставлено
687,285,2025-05-03T21:21:59.746Z,Повернено
688,251,2025-05-04T23:12:21.174Z,Доставлено
689,47,2025-05-05T11:00:59.749Z,Доставлено
690,395,2025-05-06T03:55:33.422Z,Доставлено
691,406,2025-05-06T10:43:39.674Z,Скасовано
692,432,2025-05-06T13:45:02.941Z,Доставлено
693,174,2025-05-07T10:38:48.105Z,Доставлено
694,352,2025-05-07T20:39:06.023Z,Повернено
695,489,2025-05-08T13:01:58.205Z,Скасовано
696,243,2025-05-08T21:29:16.195Z,Доставлено
697,250,2025-05-09T12:23:58.609Z,Доставлено
698,394,2025-05-09T15:35:59.317Z,Доставлено
699,167,2025-05-10T21:04:44.852Z,Доставлено
700,212,2025-05-11T09:14:13.523Z,Доставлено
701,180,2025-05-11T12:17:49.536Z,Доставлено
702,69,2025-05-12T06:03:06.850Z,Доставлено
703,405,2025-05-12T09:57:59.935Z,Доставлено
704,50,2025-05-12T16:00:42.038Z,Доставлено
705,328,2025-05-12T22:39:54.606Z,Доставлено
706,338,2025-05-13T00:57:24.640Z,Доставлено
707,477,2025-05-13T16:01:17.656Z,Повернено
708,141,2025-05-14T08:47:48.536Z,Доставлено
709,488,2025-05-16T07:28:40.142Z,Доставлено
710,479,2025-05-17T03:16:59.396Z,Доставлено
711,288,2025-05-17T09:20:21.514Z,Доставлено
712,305,2025-05-18T18:46:45.591Z,Доставлено
713,419,2025-05-19T05:04:46.048Z,Доставлено
714,161,2025-05-19T08:26:21.079Z,Доставлено
715,170,2025-05-20T16:41:49.637Z,Доставлено
716,266,2025-05-21T08:44:45.034Z,Доставлено
717,53,2025-05-22T23:16:54.280Z,Доставлено
718,465,2025-05-23T02:36:29.455Z,Доставлено
719,162,2025-05-23T07:15:13.796Z,Доставлено
720,70,2025-05-23T09:30:08.655Z,Доставлено
721,66,2025-05-23T13:26:09.840Z,Доставлено
722,109,2025-05-24T15:14:37.025Z,Скасовано
723,302,2025-05-26T10:23:38.796Z,Скасовано
724,312,2025-05-26T14:07:45.708Z,Доставлено
725,12,2025-05-28T12:47:54.790Z,Доставлено
726,461,2025-05-28T20:37:28.732Z,Доставлено
727,203,2025-05-29T04:43:42.435Z,Повернено
728,388,2025-05-30T03:56:48.236Z,Доставлено
729,121,2025-05-30T04:22:58.510Z,Доставлено
730,499,2025-05-30T08:38:25.563Z,Доставлено
731,123,2025-05-30T11:00:17.796Z,Доставлено
732,402,2025-05-30T12:38:40.909Z,Доставлено
733,313,2025-05-30T23:23:24.149Z,Доставлено
734,424,2025-05-30T23:59:08.188Z,Доставлено
735,92,2025-05-31T15:14:54.295Z,Повернено
736,200,2025-05-31T16:20:09.179Z,Доставлено
737,128,2025-05-31T18:20:58.656Z,Доставлено
738,191,2025-05-31T21:41:29.526Z,Доставлено
739,196,2025-06-02T02:05:12.106Z,Скасовано
740,361,2025-06-02T13:43:18.679Z,Скасовано
741,491,2025-06-03T09:12:54.260Z,Доставлено
742,67,2025-06-03T15:20:21.811Z,Скасовано
743,496,2025-06-03T16:48:19.113Z,Доставлено
744,346,2025-06-04T18:23:47.102Z,Повернено
745,82,2025-06-04T19:12:25.858Z,Скасовано
746,346,2025-06-04T19:16:28.139Z,Доставлено
747,230,2025-06-04T22:51:34.936Z,Доставлено
748,429,2025-06-04T23:16:25.186Z,Доставлено
749,284,2025-06-06T20:22:37.335Z,Доставлено
750,199,2025-06-08T09:30:56.060Z,Доставлено
751,219,2025-06-08T11:14:15.137Z,Доставлено
752,17,2025-06-09T05:06:47.853Z,Доставлено
753,408,2025-06-09T15:34:46.299Z,Доставлено
754,159,2025-06-10T07:21:54.929Z,Доставлено
755,433,2025-06-12T11:37:53.906Z,Доставлено
756,173,2025-06-12T18:16:58.893Z,Доставлено
757,269,2025-06-12T20:34:43.312Z,Доставлено
758,500,2025-06-13T08:45:52.721Z,Доставлено
759,195,2025-06-14T00:01:51.043Z,Скасовано
760,293,2025-06-14T00:27:25.601Z,Доставлено
761,411,2025-06-14T03:45:04.202Z,Доставлено
762,155,2025-06-14T08:39:46.045Z,Доставлено
763,293,2025-06-15T12:53:45.780Z,Скасовано
764,219,2025-06-15T18:01:13.191Z,Доставлено
765,262,2025-06-16T06:51:39.006Z,Доставлено
766,366,2025-06-18T03:33:58.724Z,Доставлено
767,166,2025-06-18T03:34:19.901Z,Скасовано
768,199,2025-06-18T04:25:11.913Z,Доставлено
769,251,2025-06-18T04:41:19.253Z,Скасовано
770,138,2025-06-18T09:34:07.939Z,Повернено
771,63,2025-06-18T14:08:20.065Z,Повернено
772,262,2025-06-19T01:00:04.928Z,Доставлено
773,364,2025-06-19T10:22:38.069Z,Доставлено
774,451,2025-06-20T00:03:23.904Z,Повернено
775,407,2025-06-20T05:57:54.727Z,Доставлено
776,250,2025-06-20T08:07:20.297Z,Доставлено
777,236,2025-06-22T09:52:04.914Z,Повернено
778,438,2025-06-22T11:00:13.708Z,Доставлено
779,38,2025-06-24T22:13:58.461Z,Доставлено
780,19,2025-06-25T01:09:53.557Z,Доставлено
781,145,2025-06-25T05:34:58.284Z,Доставлено
782,469,2025-06-25T08:10:13.278Z,Доставлено
783,179,2025-06-26T03:06:41.989Z,Доставлено
784,468,2025-06-26T05:14:45.685Z,Доставлено
785,155,2025-06-27T16:05:13.550Z,Повернено
786,9,2025-06-28T13:09:42.439Z,Скасовано
787,223,2025-06-29T04:07:51.398Z,Доставлено
788,348,2025-06-29T14:35:39.199Z,Повернено
789,243,2025-06-29T18:45:48.788Z,Доставлено
790,370,2025-06-30T08:32:14.682Z,Доставлено
791,274,2025-06-30T22:42:46.519Z,Доставлено
792,487,2025-07-02T00:21:41.898Z,Доставлено
793,309,2025-07-02T05:11:41.115Z,Доставлено
794,97,2025-07-02T13:01:33.878Z,Доставлено
795,462,2025-07-03T02:45:06.331Z,Доставлено
796,388,2025-07-03T15:16:10.657Z,Скасовано
797,173,2025-07-04T02:14:29.118Z,Доставлено
798,293,2025-07-04T03:05:27.519Z,Доставлено
799,252,2025-07-04T05:26:40.874Z,Доставлено
800,51,2025-07-04T06:13:02.827Z,Доставлено
801,93,2025-07-04T06:40:41.705Z,Доставлено
802,452,2025-07-04T09:56:53.756Z,Доставлено
803,360,2025-07-05T05:01:31.234Z,Скасовано
804,251,2025-07-05T11:15:55.996Z,Скасовано
805,184,2025-07-05T11:19:07.463Z,Доставлено
806,153,2025-07-05T13:18:36.704Z,Доставлено
807,438,2025-07-06T03:36:21.979Z,Доставлено
808,93,2025-07-06T06:25:22.411Z,Повернено
809,471,2025-07-07T03:59:17.171Z,Доставлено
810,436,2025-07-07T19:51:21.547Z,Скасовано
811,491,2025-07-07T21:28:07.751Z,Доставлено
812,415,2025-07-07T21:37:59.946Z,Доставлено
813,141,2025-07-07T22:02:07.109Z,Доставлено
814,469,2025-07-08T05:27:39.468Z,Доставлено
815,336,2025-07-08T07:23:07.070Z,Доставлено
816,321,2025-07-08T10:05:57.417Z,Повернено
817,439,2025-07-09T07:03:07.451Z,Доставлено
818,476,2025-07-09T21:41:31.434Z,Доставлено
819,332,2025-07-10T06:53:32.466Z,Повернено
820,280,2025-07-10T12:37:30.135Z,Доставлено
821,60,2025-07-11T11:14:40.562Z,Доставлено
822,352,2025-07-11T14:43:51.822Z,Доставлено
823,319,2025-07-12T19:05:00.164Z,Доставлено
824,250,2025-07-12T21:09:49.061Z,Доставлено
825,413,2025-07-14T00:26:33.839Z,Доставлено
826,109,2025-07-14T06:42:07.878Z,Доставлено
827,40,2025-07-15T13:42:33.815Z,Доставлено
828,173,2025-07-15T23:01:56.706Z,Доставлено
829,115,2025-07-16T03:57:43.062Z,Доставлено
830,403,2025-07-16T16:40:54.061Z,Доставлено
831,25,2025-07-17T17:28:16.273Z,Доставлено
832,412,2025-07-17T22:29:21.226Z,Доставлено
833,430,2025-07-18T02:29:44.031Z,Доставлено
834,261,2025-07-18T04:41:24.970Z,Скасовано
835,306,2025-07-18T05:14:54.861Z,Доставлено
836,88,2025-07-18T10:43:26.021Z,Доставлено
837,95,2025-07-19T02:08:52.977Z,Доставлено
838,305,2025-07-20T02:52:49.253Z,Доставлено
839,347,2025-07-20T03:07:09.321Z,Доставлено
840,435,2025-07-20T17:23:44.843Z,Скасовано
841,84,2025-07-21T04:50:58.584Z,Скасовано
842,232,2025-07-21T05:26:50.791Z,Доставлено
843,263,2025-07-21T08:53:51.922Z,Доставлено
844,143,2025-07-21T13:44:59.503Z,Доставлено
845,444,2025-07-21T15:24:31.632Z,Доставлено
846,11,2025-07-22T06:29:31.966Z,Доставлено
847,53,2025-07-22T06:33:21.778Z,Доставлено
848,388,2025-07-24T18:28:31.879Z,Повернено
849,99,2025-07-24T22:43:12.412Z,Доставлено
850,475,2025-07-25T01:45:53.083Z,Доставлено
851,251,2025-07-25T12:04:49.452Z,Повернено
852,67,2025-07-26T00:41:39.919Z,Скасовано
853,137,2025-07-26T06:17:49.756Z,Доставлено
854,39,2025-07-26T09:35:32.036Z,Доставлено
855,350,2025-07-26T10:39:36.888Z,Доставлено
856,302,2025-07-26T14:05:23.618Z,Скасовано
857,37,2025-07-26T21:48:32.073Z,Доставлено
858,346,2025-07-27T05:08:35.895Z,Скасовано
859,137,2025-07-28T19:15:42.900Z,Доставлено
860,28,2025-07-29T08:32:14.831Z,Доставлено
861,281,2025-07-30T01:59:32.581Z,Доставлено
862,303,2025-07-30T09:58:39.599Z,Доставлено
863,182,2025-07-31T11:58:19.180Z,Доставлено
864,14,2025-07-31T16:55:31.694Z,Скасовано
865,25,2025-08-01T02:24:10.167Z,Доставлено
866,238,2025-08-01T07:07:16.676Z,Доставлено
867,210,2025-08-01T19:39:28.310Z,Доставлено
868,135,2025-08-02T19:17:42.224Z,Доставлено
869,379,2025-08-03T10:44:31.646Z,Доставлено
870,96,2025-08-04T23:55:02.125Z,Доставлено
871,308,2025-08-05T01:12:45.861Z,Доставлено
872,217,2025-08-05T06:24:54.308Z,Доставлено
873,409,2025-08-05T13:11:56.358Z,Доставлено
874,87,2025-08-06T02:25:22.487Z,Доставлено
875,41,2025-08-06T11:58:46.212Z,Повернено
876,231,2025-08-07T14:30:50.344Z,Повернено
877,257,2025-08-07T17:10:25.940Z,Скасовано
878,130,2025-08-10T00:32:53.952Z,Доставлено
879,176,2025-08-10T06:40:57.084Z,Доставлено
880,124,2025-08-10T08:47:53.878Z,Доставлено
881,45,2025-08-10T10:17:17.663Z,Доставлено
882,424,2025-08-10T21:05:51.877Z,Доставлено
883,385,2025-08-11T08:22:58.192Z,Доставлено
884,337,2025-08-12T07:12:21.021Z,Доставлено
885,353,2025-08-12T07:46:24.865Z,Доставлено
886,458,2025-08-12T14:59:53.433Z,Доставлено
887,285,2025-08-13T04:35:30.498Z,Доставлено
888,106,2025-08-13T07:00:53.395Z,Доставлено
889,301,2025-08-13T10:25:28.741Z,Доставлено
890,168,2025-08-14T01:11:39.116Z,Доставлено
891,399,2025-08-14T16:36:43.321Z,Доставлено
892,354,2025-08-16T12:38:31.281Z,Доставлено
893,393,2025-08-16T16:00:40.040Z,Доставлено
894,354,2025-08-16T18:38:50.566Z,Доставлено
895,105,2025-08-17T09:17:12.967Z,Доставлено
896,84,2025-08-18T15:58:41.877Z,Скасовано
897,221,2025-08-19T20:49:50.356Z,Доставлено
898,276,2025-08-20T15:26:04.258Z,Доставлено
899,320,2025-08-21T04:48:54.368Z,Доставлено
900,261,2025-08-21T19:07:48.124Z,Скасовано
901,272,2025-08-21T19:54:33.446Z,Доставлено
902,242,2025-08-21T20:28:15.433Z,Скасовано
903,193,2025-08-23T20:01:43.955Z,Доставлено
904,271,2025-08-24T14:13:33.598Z,Доставлено
905,71,2025-08-24T21:16:17.786Z,Доставлено
906,486,2025-08-25T05:45:38.037Z,Доставлено
907,215,2025-08-25T11:56:14.720Z,Доставлено
908,140,2025-08-25T19:48:26.419Z,Скасовано
909,342,2025-08-26T15:04:29.952Z,Доставлено
910,158,2025-08-27T01:05:01.452Z,Доставлено
911,393,2025-08-27T04:25:27.198Z,Доставлено
912,22,2025-08-27T14:46:45.954Z,Доставлено
913,264,2025-08-27T15:09:30.108Z,Доставлено
914,162,2025-08-27T21:44:28.304Z,Доставлено
915,84,2025-08-28T00:46:49.341Z,Доставлено
916,429,2025-08-29T01:14:42.935Z,Скасовано
917,55,2025-08-29T04:28:11.111Z,Повернено
918,6,2025-08-29T09:09:39.538Z,Доставлено
919,308,2025-08-30T06:41:13.188Z,Доставлено
920,233,2025-08-30T09:40:46.780Z,Доставлено
921,124,2025-08-30T18:14:49.490Z,Доставлено
922,198,2025-08-31T15:22:57.089Z,Доставлено
923,387,2025-09-01T16:48:20.239Z,Доставлено
924,2,2025-09-02T08:42:48.008Z,Скасовано
925,390,2025-09-02T11:10:37.119Z,Доставлено
926,287,2025-09-03T07:02:48.771Z,Скасовано
927,241,2025-09-04T13:17:28.692Z,Доставлено
928,5,2025-09-05T00:43:03.048Z,Доставлено
929,83,2025-09-05T01:27:40.456Z,Скасовано
930,40,2025-09-05T12:26:20.000Z,Доставлено
931,34,2025-09-05T17:49:41.478Z,Доставлено
932,206,2025-09-06T09:20:36.213Z,Повернено
933,460,2025-09-06T17:50:00.277Z,Доставлено
934,126,2025-09-06T23:06:06.212Z,Скасовано
935,419,2025-09-07T12:16:26.441Z,Доставлено
936,283,2025-09-07T19:38:46.599Z,Доставлено
937,282,2025-09-07T23:33:17.185Z,Доставлено
938,439,2025-09-08T15:26:37.931Z,Доставлено
939,59,2025-09-08T19:15:42.117Z,Доставлено
940,460,2025-09-09T19:52:39.764Z,Доставлено
941,158,2025-09-10T01:02:00.863Z,Доставлено
942,64,2025-09-10T19:04:02.414Z,Доставлено
943,121,2025-09-10T21:58:07.179Z,Доставлено
944,420,2025-09-10T23:33:17.419Z,Доставлено
945,23,2025-09-11T06:47:21.816Z,Доставлено
946,12,2025-09-11T19:24:55.150Z,Повернено
947,362,2025-09-13T15:03:41.577Z,Доставлено
948,10,2025-09-14T10:38:57.234Z,Доставлено
949,141,2025-09-14T16:56:13.571Z,Доставлено
950,329,2025-09-15T07:46:59.060Z,Скасовано
951,249,2025-09-15T11:06:39.408Z,Доставлено
952,267,2025-09-15T15:24:03.943Z,Скасовано
953,147,2025-09-18T04:32:22.503Z,Доставлено
954,344,2025-09-20T06:02:33.340Z,Доставлено
955,48,2025-09-21T00:44:25.272Z,Доставлено
956,486,2025-09-21T21:19:59.609Z,Доставлено
957,305,2025-09-21T23:13:19.874Z,Доставлено
958,481,2025-09-22T03:20:09.211Z,Повернено
959,31,2025-09-22T19:50:29.935Z,Доставлено
960,457,2025-09-23T16:15:12.710Z,Доставлено
961,415,2025-09-23T18:46:14.387Z,Доставлено
962,83,2025-09-24T04:34:13.486Z,Доставлено
963,260,2025-09-24T14:23:13.077Z,Скасовано
964,224,2025-09-25T11:07:42.687Z,Доставлено
965,54,2025-09-25T19:45:54.982Z,Доставлено
966,286,2025-09-25T23:55:37.317Z,Доставлено
967,444,2025-09-26T22:47:16.214Z,Доставлено
968,137,2025-09-28T18:53:18.637Z,Доставлено
969,127,2025-09-29T05:20:30.930Z,Доставлено
970,180,2025-09-29T13:15:59.991Z,Доставлено
971,311,2025-09-29T18:42:35.190Z,Повернено
972,209,2025-09-30T09:50:33.773Z,Доставлено
973,86,2025-10-01T01:28:54.922Z,Доставлено
974,180,2025-10-01T06:25:20.571Z,Доставлено
975,451,2025-10-01T11:38:36.986Z,Доставлено
976,115,2025-10-01T15:06:59.183Z,Доставлено
977,437,2025-10-01T16:09:12.563Z,Доставлено
978,497,2025-10-01T17:48:40.094Z,Доставлено
979,126,2025-10-01T20:00:36.888Z,Доставлено
980,433,2025-10-01T21:39:29.712Z,Доставлено
981,354,2025-10-03T22:35:55.594Z,Доставлено
982,96,2025-10-04T03:01:01.520Z,Доставлено
983,310,2025-10-04T03:20:35.715Z,Доставлено
984,235,2025-10-04T07:29:50.258Z,Доставлено
985,302,2025-10-04T12:28:25.444Z,Доставлено
986,278,2025-10-04T17:08:58.774Z,Доставлено
987,367,2025-10-04T17:34:20.050Z,Доставлено
988,196,2025-10-04T21:07:44.989Z,Доставлено
989,344,2025-10-05T12:15:02.404Z,Доставлено
990,322,2025-10-05T19:03:47.728Z,Доставлено
991,53,2025-10-06T01:39:50.014Z,Скасовано
992,307,2025-10-06T18:40:53.409Z,Доставлено
993,258,2025-10-07T06:55:35.975Z,Доставлено
994,14,2025-10-07T08:40:48.325Z,Доставлено
995,65,2025-10-07T17:34:23.710Z,Доставлено
996,375,2025-10-08T13:20:31.873Z,Доставлено
997,95,2025-10-08T22:48:56.872Z,Доставлено
998,146,2025-10-10T07:09:16.432Z,Доставлено
999,6,2025-10-10T07:57:16.301Z,Доставлено
1000,313,2025-10-11T04:36:30.619Z,Доставлено
1001,93,2025-10-11T05:20:32.029Z,Доставлено
1002,374,2025-10-11T17:48:22.592Z,Доставлено
1003,204,2025-10-11T21:55:16.405Z,Доставлено
1004,430,2025-10-14T04:37:52.866Z,Доставлено
1005,465,2025-10-14T23:03:21.135Z,Доставлено
1006,15,2025-10-15T00:48:24.699Z,Доставлено
1007,79,2025-10-15T12:01:09.428Z,Скасовано
1008,200,2025-10-16T07:18:20.127Z,Доставлено
1009,358,2025-10-16T19:54:08.354Z,Доставлено
1010,417,2025-10-17T04:57:30.056Z,Доставлено
1011,145,2025-10-17T17:16:51.310Z,Скасовано
1012,156,2025-10-17T22:59:03.113Z,Доставлено
1013,167,2025-10-18T01:22:11.388Z,Доставлено
1014,436,2025-10-18T09:24:27.261Z,Доставлено
1015,320,2025-10-18T19:44:37.730Z,Доставлено
1016,281,2025-10-19T07:45:17.751Z,Доставлено
1017,200,2025-10-20T00:25:38.514Z,Доставлено
1018,427,2025-10-21T07:32:51.522Z,Доставлено
1019,257,2025-10-21T13:09:53.513Z,Доставлено
1020,162,2025-10-22T04:15:13.485Z,Доставлено
1021,143,2025-10-22T12:56:43.430Z,Доставлено
1022,44,2025-10-22T14:37:28.956Z,Доставлено
1023,49,2025-10-23T11:52:12.849Z,Доставлено
1024,97,2025-10-23T16:02:09.177Z,Доставлено
1025,142,2025-10-24T09:36:17.086Z,Доставлено
1026,108,2025-10-24T17:48:03.395Z,Повернено
1027,214,2025-10-25T19:14:07.172Z,Доставлено
1028,256,2025-10-26T07:25:50.663Z,Доставлено
1029,449,2025-10-27T03:03:51.197Z,Доставлено
1030,324,2025-10-27T05:39:11.757Z,Доставлено
1031,199,2025-10-27T17:33:44.439Z,Повернено
1032,447,2025-10-28T12:54:05.733Z,Повернено
1033,266,2025-10-29T12:24:44.183Z,Доставлено
1034,130,2025-10-29T16:32:40.624Z,Доставлено
1035,8,2025-10-30T01:36:10.993Z,Скасовано
1036,314,2025-10-30T09:31:27.296Z,Доставлено
1037,37,2025-10-30T10:27:56.378Z,Доставлено
1038,489,2025-10-31T15:29:19.829Z,Доставлено
1039,272,2025-11-02T16:54:38.415Z,Доставлено
1040,65,2025-11-02T18:40:56.767Z,Доставлено
1041,409,2025-11-03T09:05:29.487Z,Доставлено
1042,245,2025-11-05T03:32:15.209Z,Доставлено
1043,32,2025-11-06T09:49:50.600Z,Доставлено
1044,194,2025-11-07T12:40:06.640Z,Доставлено
1045,7,2025-11-08T21:26:42.577Z,Доставлено
1046,31,2025-11-09T06:00:14.163Z,Доставлено
1047,168,2025-11-09T19:54:26.945Z,Доставлено
1048,85,2025-11-09T23:56:58.614Z,Доставлено
1049,288,2025-11-10T04:06:33.892Z,Доставлено
1050,329,2025-11-10T04:55:04.499Z,Доставлено
1051,193,2025-11-10T15:26:36.217Z,Доставлено
1052,407,2025-11-10T19:20:53.184Z,Доставлено
1053,355,2025-11-11T02:20:59.387Z,Повернено
1054,230,2025-11-11T04:15:05.809Z,Доставлено
1055,294,2025-11-11T07:50:08.589Z,Доставлено
1056,3,2025-11-11T15:14:40.012Z,Доставлено
1057,397,2025-11-12T07:57:37.328Z,Доставлено
1058,105,2025-11-12T14:12:16.158Z,Скасовано
1059,244,2025-11-12T15:04:56.254Z,Доставлено
1060,125,2025-11-12T18:33:51.515Z,Доставлено
1061,76,2025-11-12T19:05:56.663Z,Повернено
1062,397,2025-11-12T20:28:58.501Z,Доставлено
1063,280,2025-11-13T12:12:16.170Z,Доставлено
1064,236,2025-11-13T14:02:12.890Z,Доставлено
1065,283,2025-11-13T23:08:29.321Z,Повернено
1066,101,2025-11-14T04:45:17.680Z,Повернено
1067,470,2025-11-14T09:07:22.941Z,Повернено
1068,488,2025-11-14T10:30:36.896Z,Доставлено
1069,130,2025-11-14T14:50:23.220Z,Доставлено
1070,274,2025-11-14T18:32:19.149Z,Доставлено
1071,58,2025-11-14T20:38:19.362Z,Доставлено
1072,412,2025-11-14T20:56:16.677Z,Доставлено
1073,416,2025-11-15T05:40:51.581Z,Доставлено
1074,99,2025-11-15T11:51:11.371Z,Доставлено
1075,97,2025-11-15T12:06:07.526Z,Доставлено
1076,148,2025-11-15T14:19:30.381Z,Доставлено
1077,414,2025-11-15T18:39:02.175Z,Доставлено
1078,334,2025-11-15T20:47:13.648Z,Доставлено
1079,345,2025-11-16T05:16:40.293Z,Доставлено
1080,115,2025-11-17T16:47:38.738Z,Доставлено
1081,9,2025-11-18T03:36:39.328Z,Повернено
1082,37,2025-11-18T09:50:41.932Z,Доставлено
1083,428,2025-11-19T02:46:37.339Z,Доставлено
1084,500,2025-11-19T11:46:18.085Z,Скасовано
1085,307,2025-11-19T14:41:45.764Z,Доставлено
1086,485,2025-11-20T00:42:46.670Z,Доставлено
1087,116,2025-11-20T11:31:00.252Z,Скасовано
1088,146,2025-11-22T03:27:02.871Z,Повернено
1089,326,2025-11-22T08:14:54.382Z,Скасовано
1090,68,2025-11-23T01:17:46.188Z,Доставлено
1091,421,2025-11-23T04:30:19.585Z,Доставлено
1092,124,2025-11-23T08:18:46.439Z,Доставлено
1093,491,2025-11-24T11:10:11.637Z,Повернено
1094,306,2025-11-24T16:44:28.915Z,Доставлено
1095,437,2025-11-24T22:35:06.428Z,Доставлено
1096,243,2025-11-25T09:20:59.926Z,Доставлено
1097,22,2025-11-25T09:24:32.225Z,Повернено
1098,245,2025-11-25T16:04:34.281Z,Доставлено
1099,490,2025-11-25T22:48:22.110Z,Повернено
1100,154,2025-11-26T12:17:26.028Z,Доставлено
1101,87,2025-11-27T01:16:53.273Z,Доставлено
1102,465,2025-11-27T10:56:15.943Z,Доставлено
1103,382,2025-11-27T14:27:21.321Z,Доставлено
1104,172,2025-11-28T03:45:13.202Z,Скасовано
1105,119,2025-11-28T23:01:04.742Z,Доставлено
1106,203,2025-11-29T01:52:09.624Z,Доставлено
1107,329,2025-11-30T03:04:36.139Z,Доставлено
1108,60,2025-11-30T05:25:54.306Z,Доставлено
1109,51,2025-12-01T09:47:12.434Z,Доставлено
1110,77,2025-12-02T05:35:45.036Z,Доставлено
1111,158,2025-12-03T05:28:57.671Z,Доставлено
1112,140,2025-12-05T03:08:03.492Z,Доставлено
1113,80,2025-12-06T17:16:00.708Z,Доставлено
1114,44,2025-12-06T19:09:55.275Z,Скасовано
1115,134,2025-12-07T04:42:11.520Z,Доставлено
1116,60,2025-12-07T16:12:29.535Z,Доставлено
1117,317,2025-12-08T10:42:37.533Z,Доставлено
1118,68,2025-12-08T20:27:47.909Z,Доставлено
1119,51,2025-12-09T13:28:15.151Z,Доставлено
1120,466,2025-12-09T14:41:15.540Z,Доставлено
1121,403,2025-12-09T15:35:48.772Z,Доставлено
1122,333,2025-12-09T19:51:59.217Z,Доставлено
1123,308,2025-12-09T23:54:42.239Z,Доставлено
1124,359,2025-12-11T04:24:38.291Z,Доставлено
1125,448,2025-12-11T14:40:46.421Z,Доставлено
1126,178,2025-12-12T11:55:19.114Z,Доставлено
1127,39,2025-12-13T14:27:02.762Z,Доставлено
1128,386,2025-12-14T01:58:47.949Z,Доставлено
1129,328,2025-12-14T02:44:13.580Z,Скасовано
1130,29,2025-12-14T05:12:24.383Z,Доставлено
1131,173,2025-12-14T13:48:27.091Z,Доставлено
1132,153,2025-12-14T17:06:28.917Z,Доставлено
1133,73,2025-12-15T20:33:22.645Z,Скасовано
1134,91,2025-12-15T20:39:31.153Z,Доставлено
1135,99,2025-12-15T23:24:55.676Z,Доставлено
1136,78,2025-12-16T03:18:54.332Z,Доставлено
1137,397,2025-12-18T13:52:35.227Z,Скасовано
1138,265,2025-12-19T10:16:14.697Z,Доставлено
1139,464,2025-12-19T15:16:46.040Z,Доставлено
1140,93,2025-12-19T18:31:16.880Z,Доставлено
1141,386,2025-12-19T22:47:00.667Z,Доставлено
1142,170,2025-12-19T23:31:57.268Z,Доставлено
1143,241,2025-12-20T17:49:05.030Z,Повернено
1144,472,2025-12-21T06:51:22.787Z,Повернено
1145,157,2025-12-21T12:58:20.609Z,Доставлено
1146,434,2025-12-22T08:36:23.945Z,Доставлено
1147,448,2025-12-22T20:30:51.745Z,Доставлено
1148,324,2025-12-23T05:18:00.082Z,Доставлено
1149,385,2025-12-23T16:11:46.882Z,Повернено
1150,176,2025-12-23T22:59:19.884Z,Доставлено
1151,118,2025-12-24T01:52:31.989Z,Доставлено
1152,121,2025-12-24T16:41:45.296Z,Доставлено
1153,296,2025-12-24T23:30:32.618Z,Доставлено
1154,481,2025-12-26T02:00:39.249Z,Доставлено
1155,48,2025-12-26T10:15:57.479Z,Доставлено
1156,302,2025-12-26T23:42:19.465Z,Доставлено
1157,105,2025-12-27T10:09:34.339Z,Доставлено
1158,369,2025-12-27T15:15:11.064Z,Доставлено
1159,355,2025-12-27T19:30:35.554Z,Повернено
1160,137,2025-12-28T05:16:37.095Z,Доставлено
1161,390,2025-12-29T04:00:47.024Z,Доставлено
1162,233,2025-12-29T22:55:27.835Z,Доставлено
1163,20,2025-12-30T06:04:58.171Z,Доставлено
1164,250,2025-12-31T11:18:51.292Z,Доставлено
1165,372,2026-01-01T04:30:10.075Z,Доставлено
1166,127,2026-01-01T11:40:32.545Z,Доставлено
1167,203,2026-01-01T20:01:54.547Z,Доставлено
1168,224,2026-01-02T02:27:54.900Z,Скасовано
1169,306,2026-01-02T07:29:45.433Z,Доставлено
1170,193,2026-01-02T17:17:43.275Z,Доставлено
1171,319,2026-01-03T03:31:17.511Z,Доставлено
1172,482,2026-01-03T09:40:38.633Z,Доставлено
1173,71,2026-01-04T20:51:15.276Z,Доставлено
1174,136,2026-01-06T06:34:14.072Z,Доставлено
1175,455,2026-01-06T07:05:58.719Z,Доставлено
1176,120,2026-01-07T15:38:48.382Z,Повернено
1177,270,2026-01-07T21:14:55.247Z,Доставлено
1178,331,2026-01-08T14:59:56.599Z,Доставлено
1179,422,2026-01-09T08:55:26.663Z,Доставлено
1180,401,2026-01-09T15:27:54.970Z,Доставлено
1181,75,2026-01-09T17:09:41.981Z,Скасовано
1182,72,2026-01-09T19:38:44.940Z,Скасовано
1183,238,2026-01-10T03:43:44.894Z,Доставлено
1184,163,2026-01-11T12:28:01.078Z,Скасовано
1185,478,2026-01-11T17:17:59.296Z,Доставлено
1186,374,2026-01-12T16:07:57.850Z,Доставлено
1187,488,2026-01-12T21:23:08.819Z,Доставлено
1188,450,2026-01-13T08:34:02.166Z,Доставлено
1189,36,2026-01-13T21:24:50.751Z,Доставлено
1190,6,2026-01-14T03:36:17.932Z,Доставлено
1191,123,2026-01-14T07:08:13.769Z,Скасовано
1192,166,2026-01-14T22:59:07.858Z,Доставлено
1193,435,2026-01-15T01:15:35.293Z,Доставлено
1194,179,2026-01-15T13:03:52.567Z,Доставлено
1195,350,2026-01-15T22:24:59.204Z,Доставлено
1196,144,2026-01-16T02:37:57.359Z,Доставлено
1197,304,2026-01-16T12:21:35.759Z,Скасовано
1198,150,2026-01-16T13:08:11.081Z,Доставлено
1199,51,2026-01-17T17:41:17.473Z,Доставлено
1200,86,2026-01-18T11:33:17.080Z,Доставлено
1201,338,2026-01-18T13:58:32.453Z,Доставлено
1202,329,2026-01-18T22:20:52.144Z,Доставлено
1203,413,2026-01-19T16:30:36.408Z,Доставлено
1204,56,2026-01-20T04:57:54.574Z,Доставлено
1205,497,2026-01-21T19:59:26.343Z,Доставлено
1206,406,2026-01-22T21:42:48.795Z,Скасовано
1207,315,2026-01-23T12:26:59.717Z,Доставлено
1208,468,2026-01-23T21:05:46.481Z,Скасовано
1209,462,2026-01-24T22:37:39.108Z,Доставлено
1210,484,2026-01-25T23:08:38.760Z,Скасовано
1211,477,2026-01-26T05:35:27.758Z,Доставлено
1212,325,2026-01-26T06:17:08.599Z,Доставлено
1213,419,2026-01-26T09:09:22.955Z,Доставлено
1214,269,2026-01-26T22:47:03.603Z,Доставлено
1215,104,2026-01-27T16:12:07.023Z,Повернено
1216,192,2026-01-28T03:58:37.969Z,Доставлено
1217,253,2026-01-28T04:53:51.330Z,Доставлено
1218,308,2026-01-28T12:16:02.947Z,Доставлено
1219,338,2026-01-28T14:50:31.885Z,Доставлено
1220,190,2026-01-28T23:53:50.760Z,Доставлено
1221,466,2026-01-30T13:18:51.233Z,Повернено
1222,7,2026-01-30T20:41:41.151Z,Доставлено
1223,350,2026-01-30T23:17:49.027Z,Скасовано
1224,452,2026-02-01T13:57:15.414Z,Повернено
1225,276,2026-02-01T16:52:19.440Z,Доставлено
1226,439,2026-02-02T17:06:14.259Z,Доставлено
1227,333,2026-02-02T17:10:58.188Z,Доставлено
1228,478,2026-02-03T19:30:40.131Z,Повернено
1229,234,2026-02-04T16:00:37.441Z,Повернено
1230,86,2026-02-04T16:47:09.240Z,Доставлено
1231,268,2026-02-05T07:31:08.355Z,Доставлено
1232,319,2026-02-06T05:04:01.787Z,Доставлено
1233,186,2026-02-06T15:10:12.708Z,Доставлено
1234,70,2026-02-06T21:39:29.240Z,Скасовано
1235,195,2026-02-07T11:52:53.712Z,Доставлено
1236,26,2026-02-07T19:15:10.050Z,Доставлено
1237,222,2026-02-08T02:41:02.150Z,Повернено
1238,76,2026-02-08T10:00:52.889Z,Доставлено
1239,295,2026-02-09T12:08:13.039Z,Повернено
1240,427,2026-02-09T12:50:50.971Z,Доставлено
1241,15,2026-02-10T02:03:03.967Z,Доставлено
1242,290,2026-02-10T12:01:26.500Z,Доставлено
1243,147,2026-02-11T02:19:38.113Z,Скасовано
1244,42,2026-02-11T04:33:46.344Z,Доставлено
1245,493,2026-02-11T17:47:57.617Z,Доставлено
1246,28,2026-02-11T22:46:12.387Z,Доставлено
1247,280,2026-02-14T21:29:36.844Z,Доставлено
1248,492,2026-02-15T00:27:15.987Z,Доставлено
1249,339,2026-02-15T07:17:59.032Z,Доставлено
1250,405,2026-02-15T08:08:18.910Z,Доставлено
1251,211,2026-02-15T14:15:21.165Z,Доставлено
1252,362,2026-02-16T01:57:17.334Z,Доставлено
1253,496,2026-02-16T11:22:31.822Z,Доставлено
1254,114,2026-02-17T01:41:49.392Z,Доставлено
1255,157,2026-02-17T06:02:57.395Z,Повернено
1256,395,2026-02-17T06:42:54.781Z,Скасовано
1257,385,2026-02-17T10:50:21.378Z,Доставлено
1258,369,2026-02-18T21:30:23.247Z,Повернено
1259,318,2026-02-19T17:26:48.325Z,Доставлено
1260,219,2026-02-19T21:21:47.024Z,Доставлено
1261,192,2026-02-20T05:07:29.329Z,Доставлено
1262,55,2026-02-20T12:27:57.793Z,Доставлено
1263,119,2026-02-20T13:48:16.842Z,Доставлено
1264,43,2026-02-22T04:03:35.875Z,Доставлено
1265,357,2026-02-22T07:29:17.596Z,Доставлено
1266,41,2026-02-23T19:08:29.666Z,Доставлено
1267,183,2026-02-24T19:30:46.076Z,Скасовано
1268,405,2026-02-24T23:30:34.494Z,Доставлено
1269,135,2026-02-25T00:35:13.745Z,Доставлено
1270,460,2026-02-25T10:23:17.417Z,Доставлено
1271,248,2026-02-25T16:54:31.712Z,Доставлено
1272,327,2026-02-25T20:17:23.100Z,Доставлено
1273,405,2026-02-25T22:04:51.952Z,Доставлено
1274,285,2026-02-26T01:21:03.608Z,Доставлено
1275,380,2026-02-26T04:31:26.988Z,Доставлено
1276,359,2026-02-26T13:38:12.000Z,Доставлено
1277,135,2026-02-26T14:37:07.974Z,Доставлено
1278,312,2026-02-27T19:50:31.641Z,Доставлено
1279,152,2026-02-27T22:45:18.415Z,Доставлено
1280,192,2026-02-27T22:45:49.088Z,Доставлено
1281,205,2026-03-01T04:29:38.238Z,Повернено
1282,425,2026-03-01T08:50:48.499Z,Скасовано
1283,167,2026-03-01T09:46:39.464Z,Доставлено
1284,458,2026-03-02T21:33:39.931Z,Доставлено
1285,189,2026-03-02T21:57:52.266Z,Доставлено
1286,374,2026-03-03T05:56:21.690Z,Доставлено
1287,342,2026-03-03T16:56:13.108Z,Доставлено
1288,360,2026-03-04T01:49:10.652Z,Доставлено
1289,61,2026-03-06T07:27:12.356Z,Доставлено
1290,121,2026-03-06T20:26:35.395Z,Доставлено
1291,74,2026-03-07T00:34:27.328Z,Доставлено
1292,393,2026-03-07T10:42:03.518Z,Доставлено
1293,345,2026-03-07T14:38:41.592Z,Доставлено
1294,194,2026-03-08T20:47:15.344Z,Доставлено
1295,98,2026-03-09T21:04:02.662Z,Доставлено
1296,1,2026-03-10T09:31:45.159Z,Доставлено
1297,98,2026-03-10T11:13:29.874Z,Доставлено
1298,334,2026-03-10T11:45:17.963Z,Доставлено
1299,142,2026-03-10T16:22:41.451Z,Доставлено
1300,15,2026-03-11T02:34:30.768Z,Скасовано
1301,2,2026-03-11T09:34:11.781Z,Доставлено
1302,145,2026-03-11T12:06:43.623Z,Повернено
1303,4,2026-03-12T07:08:19.643Z,Доставлено
1304,449,2026-03-12T21:07:50.375Z,Доставлено
1305,490,2026-03-13T04:20:40.375Z,Повернено
1306,417,2026-03-13T09:06:09.185Z,Доставлено
1307,175,2026-03-13T11:55:35.823Z,Доставлено
1308,375,2026-03-13T21:21:08.177Z,Повернено
1309,184,2026-03-14T07:54:35.863Z,Доставлено
1310,92,2026-03-14T19:28:52.160Z,Доставлено
1311,131,2026-03-15T17:29:17.209Z,Доставлено
1312,335,2026-03-16T02:03:07.427Z,Доставлено
1313,56,2026-03-16T02:07:08.746Z,Доставлено
1314,357,2026-03-16T22:07:55.744Z,Доставлено
1315,326,2026-03-17T12:23:44.515Z,Доставлено
1316,465,2026-03-17T23:15:33.235Z,Доставлено
1317,266,2026-03-18T09:07:36.832Z,Повернено
1318,370,2026-03-18T18:19:10.932Z,Повернено
1319,216,2026-03-20T06:30:26.399Z,Доставлено
1320,243,2026-03-20T07:15:52.318Z,Доставлено
1321,321,2026-03-20T17:57:34.553Z,Доставлено
1322,273,2026-03-21T13:30:51.137Z,Доставлено
1323,325,2026-03-21T23:20:05.564Z,Скасовано
1324,124,2026-03-24T05:18:14.250Z,Доставлено
1325,362,2026-03-24T13:10:12.275Z,Доставлено
1326,102,2026-03-24T14:41:47.472Z,Скасовано
1327,422,2026-03-24T15:55:33.524Z,Доставлено
1328,376,2026-03-24T17:48:10.696Z,Доставлено
1329,412,2026-03-24T17:53:26.868Z,Доставлено
1330,267,2026-03-25T03:00:17.297Z,Доставлено
1331,362,2026-03-25T10:16:58.318Z,Доставлено
1332,141,2026-03-25T13:37:40.416Z,Доставлено
1333,326,2026-03-26T15:17:18.503Z,Доставлено
1334,249,2026-03-27T02:28:24.183Z,Доставлено
1335,411,2026-03-27T13:39:28.778Z,Доставлено
1336,388,2026-03-27T20:13:10.769Z,Доставлено
1337,183,2026-03-28T01:40:43.770Z,Повернено
1338,416,2026-03-28T09:32:39.172Z,Повернено
1339,429,2026-03-29T01:13:18.600Z,Доставлено
1340,331,2026-03-29T02:50:47.582Z,Доставлено
1341,225,2026-03-29T21:18:39.392Z,Повернено
1342,295,2026-03-30T14:54:03.659Z,Доставлено
1343,371,2026-03-30T23:03:09.141Z,Доставлено
1344,143,2026-03-31T07:56:47.898Z,Доставлено
1345,390,2026-03-31T10:52:23.153Z,Доставлено
1346,312,2026-03-31T11:24:16.562Z,Повернено
1347,208,2026-03-31T16:49:53.797Z,Доставлено
1348,141,2026-04-01T15:03:52.898Z,Повернено
1349,275,2026-04-01T19:35:04.242Z,Доставлено
1350,220,2026-04-02T19:48:39.456Z,Доставлено
1351,151,2026-04-04T00:42:03.216Z,Доставлено
1352,345,2026-04-04T10:46:49.048Z,Доставлено
1353,488,2026-04-04T16:45:50.199Z,Доставлено
1354,52,2026-04-04T22:02:34.415Z,Доставлено
1355,128,2026-04-05T13:16:26.155Z,Доставлено
1356,198,2026-04-05T14:09:44.960Z,Доставлено
1357,46,2026-04-05T21:16:09.655Z,Доставлено
1358,210,2026-04-07T00:53:56.727Z,Доставлено
1359,500,2026-04-08T21:24:29.773Z,Доставлено
1360,186,2026-04-09T04:23:07.711Z,Доставлено
1361,142,2026-04-09T05:44:00.752Z,Доставлено
1362,31,2026-04-09T16:52:00.380Z,Доставлено
1363,82,2026-04-10T11:33:30.063Z,Повернено
1364,417,2026-04-10T20:35:02.384Z,Доставлено
1365,100,2026-04-10T23:12:15.803Z,Скасовано
1366,334,2026-04-11T01:09:05.479Z,Доставлено
1367,198,2026-04-11T03:41:40.424Z,Доставлено
1368,487,2026-04-11T14:04:55.233Z,Доставлено
1369,330,2026-04-12T07:23:21.656Z,Доставлено
1370,12,2026-04-12T10:45:03.090Z,Повернено
1371,494,2026-04-12T22:21:12.265Z,Доставлено
1372,75,2026-04-14T23:41:20.641Z,Доставлено
1373,354,2026-04-15T20:43:55.856Z,Доставлено
1374,163,2026-04-17T04:30:57.072Z,Доставлено
1375,116,2026-04-17T10:31:09.892Z,Доставлено
1376,315,2026-04-17T10:31:52.516Z,Доставлено
1377,112,2026-04-19T00:42:58.412Z,Доставлено
1378,399,2026-04-19T04:55:16.203Z,Доставлено
1379,436,2026-04-19T12:13:35.223Z,Доставлено
1380,103,2026-04-20T16:16:21.766Z,Доставлено
1381,67,2026-04-21T15:14:35.564Z,Доставлено
1382,226,2026-04-21T23:57:55.348Z,Повернено
1383,395,2026-04-22T01:43:05.887Z,Скасовано
1384,470,2026-04-22T10:38:04.608Z,Доставлено
1385,197,2026-04-22T10:45:39.381Z,Доставлено
1386,211,2026-04-22T11:52:51.716Z,Доставлено
1387,279,2026-04-24T00:37:59.363Z,Доставлено
1388,110,2026-04-24T06:43:57.664Z,Доставлено
1389,277,2026-04-24T22:11:09.789Z,Доставлено
1390,421,2026-04-26T09:01:49.744Z,Доставлено
1391,30,2026-04-27T08:13:58.630Z,Доставлено
1392,244,2026-04-28T09:17:10.251Z,Доставлено
1393,99,2026-04-28T21:26:38.052Z,Доставлено
1394,317,2026-04-29T01:37:26.649Z,Доставлено
1395,313,2026-04-29T09:19:15.587Z,Доставлено
1396,7,2026-04-29T13:23:25.836Z,Доставлено
1397,247,2026-04-29T15:30:26.642Z,Повернено
1398,464,2026-04-29T19:03:34.624Z,Доставлено
1399,60,2026-04-29T21:08:12.941Z,Доставлено
1400,322,2026-04-30T13:22:17.369Z,Доставлено
1401,300,2026-04-30T13:32:05.425Z,Доставлено
1402,321,2026-05-01T15:59:10.498Z,Доставлено
1403,57,2026-05-02T09:28:56.691Z,Скасовано
1404,395,2026-05-02T16:25:43.378Z,Доставлено
1405,73,2026-05-02T19:53:58.649Z,Скасовано
1406,333,2026-05-03T18:55:54.879Z,Доставлено
1407,135,2026-05-04T07:52:09.613Z,Доставлено
1408,215,2026-05-04T18:29:32.321Z,Повернено
1409,389,2026-05-05T01:17:42.657Z,Доставлено
1410,288,2026-05-05T01:59:01.966Z,Доставлено
1411,498,2026-05-05T03:27:41.847Z,Доставлено
1412,475,2026-05-05T14:43:03.505Z,Доставлено
1413,25,2026-05-06T06:57:35.111Z,Доставлено
1414,248,2026-05-07T06:33:49.411Z,Доставлено
1415,297,2026-05-09T00:25:10.092Z,Доставлено
1416,384,2026-05-09T02:21:39.362Z,Доставлено
1417,255,2026-05-10T12:29:51.623Z,Доставлено
1418,104,2026-05-10T15:02:57.061Z,Доставлено
1419,463,2026-05-12T05:24:08.626Z,Повернено
1420,305,2026-05-12T09:58:35.570Z,Повернено
1421,109,2026-05-12T13:59:41.887Z,Доставлено
1422,60,2026-05-13T14:27:44.486Z,Доставлено
1423,23,2026-05-13T15:10:43.952Z,Повернено
1424,42,2026-05-13T17:26:29.876Z,Доставлено
1425,279,2026-05-14T00:58:23.824Z,Доставлено
1426,80,2026-05-14T00:58:44.824Z,Доставлено
1427,300,2026-05-14T08:00:45.078Z,Доставлено
1428,392,2026-05-14T13:36:11.068Z,Доставлено
1429,447,2026-05-14T15:10:01.970Z,Доставлено
1430,290,2026-05-14T18:06:29.440Z,Доставлено
1431,441,2026-05-15T12:57:05.647Z,Доставлено
1432,290,2026-05-16T03:25:22.910Z,Доставлено
1433,421,2026-05-16T16:04:25.534Z,Доставлено
1434,446,2026-05-18T11:25:24.851Z,Повернено
1435,285,2026-05-18T19:09:50.777Z,Доставлено
1436,442,2026-05-19T05:01:28.766Z,Доставлено
1437,304,2026-05-19T14:09:31.660Z,Скасовано
1438,497,2026-05-20T06:17:20.987Z,Доставлено
1439,274,2026-05-21T11:06:01.641Z,Доставлено
1440,163,2026-05-21T19:17:32.480Z,Доставлено
1441,230,2026-05-23T06:00:59.739Z,Доставлено
1442,201,2026-05-23T20:12:49.532Z,Доставлено
1443,62,2026-05-24T00:25:49.345Z,Скасовано
1444,171,2026-05-24T05:36:46.471Z,Доставлено
1445,89,2026-05-25T01:55:10.239Z,Доставлено
1446,421,2026-05-26T05:50:34.391Z,Доставлено
1447,214,2026-05-26T18:45:33.335Z,Повернено
1448,145,2026-05-27T14:11:27.718Z,Доставлено
1449,239,2026-05-27T17:09:05.173Z,Доставлено
1450,356,2026-05-27T18:28:11.639Z,Повернено
1451,155,2026-05-28T01:27:22.871Z,Доставлено
1452,454,2026-05-28T11:19:31.777Z,Доставлено
1453,427,2026-05-29T06:00:37.706Z,Доставлено
1454,139,2026-05-29T12:14:19.583Z,Доставлено
1455,434,2026-05-29T17:31:41.349Z,Доставлено
1456,374,2026-05-29T20:42:57.006Z,Відправлено
1457,254,2026-05-30T03:22:20.034Z,Відправлено
1458,121,2026-05-30T03:31:37.279Z,Доставлено
1459,192,2026-05-30T04:05:15.995Z,Доставлено
1460,112,2026-05-30T06:00:22.809Z,Доставлено
1461,454,2026-05-30T09:19:34.952Z,Відправлено
1462,22,2026-05-30T15:11:56.295Z,Доставлено
1463,441,2026-05-31T09:54:55.430Z,Доставлено
1464,410,2026-05-31T18:59:55.552Z,Скасовано
1465,10,2026-06-01T04:06:46.352Z,Відправлено
1466,360,2026-06-01T05:46:04.968Z,Доставлено
1467,59,2026-06-01T09:30:10.989Z,Відправлено
1468,32,2026-06-01T20:47:25.745Z,Доставлено
1469,363,2026-06-02T03:27:29.983Z,Доставлено
1470,20,2026-06-02T10:50:35.412Z,Доставлено
1471,284,2026-06-02T15:53:20.853Z,Відправлено
1472,91,2026-06-02T23:22:55.464Z,Доставлено
1473,103,2026-06-03T08:05:05.640Z,Відправлено
1474,146,2026-06-03T21:35:53.341Z,Відправлено
1475,376,2026-06-04T01:18:37.066Z,Відправлено
1476,251,2026-06-04T17:55:54.879Z,Доставлено
1477,146,2026-06-04T21:47:35.799Z,Доставлено
1478,495,2026-06-05T06:27:44.231Z,Доставлено
1479,223,2026-06-05T12:57:59.663Z,Відправлено
1480,132,2026-06-05T13:49:42.006Z,Доставлено
1481,90,2026-06-06T13:16:45.809Z,Доставлено
1482,31,2026-06-08T06:31:38.253Z,Скасовано
1483,400,2026-06-08T17:33:34.313Z,Відправлено
1484,43,2026-06-09T21:31:01.239Z,Відправлено
1485,112,2026-06-10T05:18:36.709Z,Скасовано
1486,439,2026-06-10T23:42:00.618Z,Відправлено
1487,288,2026-06-11T11:55:14.383Z,Доставлено
1488,369,2026-06-11T16:35:06.477Z,Доставлено
1489,343,2026-06-11T21:23:54.773Z,Відправлено
1490,28,2026-06-13T01:50:05.630Z,Нове
1491,419,2026-06-13T12:25:07.076Z,Нове
1492,237,2026-06-13T18:51:43.625Z,В обробці
1493,1,2026-06-13T21:39:26.845Z,Нове
1494,318,2026-06-13T21:48:23.414Z,Нове
1495,134,2026-06-15T03:26:46.590Z,В обробці
1496,373,2026-06-15T12:53:55.058Z,Відправлено
1497,440,2026-06-15T18:55:33.399Z,Нове
1498,311,2026-06-17T14:42:29.132Z,В обробці
1499,408,2026-06-17T15:32:37.846Z,Нове
1500,333,2026-06-18T01:33:55.532Z,Нове
1501,233,2026-06-18T03:57:04.866Z,Нове
1502,196,2026-06-18T05:54:20.370Z,В обробці
1503,298,2026-06-18T17:41:55.664Z,В обробці
